image_name,grade
20170209143259326,0
007-3253-100,1
007-6141-300,2
007-3697-200,2
007-7323-601,0
20170401085943596,0
007-3185-100,1
20170427191042581,0
20170614092847535,2
20170222092538402,0
007-5963-300,3
20170429205502213,0
20170323085247057,0
20170125091735546,0
20170328164726799,0
20170609184224697,2
20170606104243761,2
007-1248-000,0
20170427095240398,0
20170615112054786,2
20170427100717384,0
20170608171337567,2
007-6471-400,4
20170408215830226,0
007-4104-200,2
007-1577-000,0
007-2149-100,2
20170524140637130,2
007-6657-400,4
007-1344-000,0
20170624195339158,2
20170626160504133,2
20170410091839449,0
20170227233252429,0
007-1196-000,0
20170427085812198,0
20170408225541513,0
20170626162845247,2
007-2953-100,1
007-3296-200,2
20170426133908898,0
007-6514-400,4
007-5150-300,2
007-5574-300,3
007-7239-400,4
007-5423-300,2
007-1240-000,0
20170430200959365,0
007-7256-400,4
20170429204645569,0
007-5690-300,2
007-5789-300,2
20170611092920726,2
20170323082725340,0
007-2448-100,2
007-1411-000,0
007-3866-200,2
007-1184-000,0
007-6341-400,4
007-0534-000,0
007-6840-400,4
20170413113710974,0
20170401171218039,0
20170408225549028,0
007-4595-200,2
20170330153330865,0
20170210092554204,0
007-4557-200,2
007-3438-200,2
007-1772-100,0
20170427184207246,0
007-1677-000,0
20170327110724437,0
007-1920-100,1
007-3135-100,2
20170418095345403,0
20170417165158242,0
20170427183428662,0
007-7178-400,4
20170427191341817,0
20170215094301874,0
007-0298-000,0
20170418082456632,0
20170326100843964,0
20170615160742027,2
007-2903-100,0
007-1854-100,2
007-6210-300,2
007-2497-100,1
20170410100312572,0
20170406104028411,0
007-3850-200,2
007-6520-400,4
20170410120121151,0
007-7267-400,4
20170621111316351,2
20170222153250976,0
007-3333-200,2
007-1632-000,0
007-2658-100,2
20170419090934589,0
007-0866-000,0
20170217102353762,0
007-5386-300,2
20170407231602454,0
20170429215147601,0
20170512224117149,2
007-4093-200,2
20170427185347767,0
007-7574-601,0
20170331094614184,0
007-0140-000,0
007-0802-000,0
007-4219-200,2
20170515125523780,2
20170627103352693,2
20170611110841815,2
20170401100837062,0
007-7211-400,4
007-1432-000,0
007-4410-200,2
20170612141756744,2
007-3370-200,2
007-4993-300,2
007-2723-100,1
20170427181844425,0
007-3010-100,2
007-6392-400,4
20170310144257966,0
20170429230100144,0
20170428144006815,0
007-1870-100,1
007-1286-000,0
007-2920-100,1
20170228000142217,0
007-3148-100,2
007-0535-000,0
20170203162800256,0
007-3592-200,2
20170409200246090,0
20170411103307026,0
20170327140304750,0
007-6897-400,4
007-2298-100,2
007-3274-100,2
007-3885-200,2
20170208175657652,0
20170329140458837,0
007-4417-200,2
20170215103258027,0
20170429231508234,0
20170227225502933,0
007-3609-200,2
007-3465-200,3
007-4865-300,2
20170216144456454,0
007-2949-100,2
20170227231328304,0
007-6005-300,2
007-1257-000,0
20170524083942475,2
007-6528-400,4
20170427182001923,0
007-2666-100,1
007-6663-400,4
20170527182337850,2
007-6568-400,4
007-4751-200,2
007-2342-100,1
20170411143046738,0
20170324104915088,0
007-0792-000,0
007-2496-100,2
007-8406-603,2
20170323094333366,0
20170612114622857,2
20170405101325185,0
20170429214228852,0
20170427183907443,0
20170410091609639,0
20170630165348383,2
007-4546-200,2
007-6673-400,4
20170427181603363,0
20170429212623221,0
007-4707-200,2
20170525085819918,2
007-4204-200,3
007-5069-300,2
20170425160838043,0
20170429204124258,0
20170417141312058,0
007-3556-200,2
007-5133-300,2
20170430202244071,0
007-1876-100,2
007-2963-100,1
007-5636-300,2
007-0040-000,0
007-4480-200,2
20170327102219037,0
20170425154845288,0
007-3589-200,2
007-0769-000,0
007-6620-400,4
20170628114446629,2
20170420095437998,0
007-6858-400,4
007-3919-200,2
20170330164642689,0
20170327170922593,0
20170405084158276,0
007-3460-200,2
007-4912-300,2
20170411141529980,0
20170427084526865,0
20170414102603948,0
20170430200327049,0
007-4515-200,2
20170323103305543,0
007-5900-300,2
007-6796-400,4
20170207175645289,0
007-6881-400,4
20170608153147229,2
007-2902-100,0
20170224111208087,0
007-5649-300,2
20170528112927320,2
20170428115936704,0
20170417083146076,0
007-7138-400,4
007-3473-200,2
007-3869-200,2
007-1684-000,0
007-1737-000,0
20170428101540789,0
007-5261-300,2
007-0336-000,0
20170427210022908,0
20170429201133633,0
20170323094905895,0
20170326104919990,0
20170427104531692,0
20161116111424589,0
20170524111318149,2
007-4082-200,2
007-7372-601,0
007-0374-000,0
007-6961-400,4
007-4052-200,2
20170214215942845,0
007-3248-100,1
007-4965-300,2
007-1250-000,0
007-2832-100,2
007-1946-100,2
007-3433-200,2
007-5197-300,2
20170427184614492,0
20170329141621593,0
007-5006-300,2
007-5176-300,2
007-4161-200,2
20170412203735568,0
20170410085956202,0
007-5696-300,2
20170405144047448,0
20170428114529808,0
007-4497-200,2
007-2904-100,0
20170607084253712,2
007-0092-000,0
007-6889-400,4
20170221103944179,0
20170327101530578,0
007-6837-400,4
007-6323-400,4
20170621093253834,2
007-1758-100,1
20170429205200118,0
007-5932-300,2
20170324080421980,0
007-2296-100,1
20170607085935786,2
007-4649-200,2
20170413151851880,0
007-4805-300,2
007-5000-300,2
007-0186-000,0
007-7601-601,2
007-0146-000,0
007-1808-100,2
20170323092614899,0
20170619085700907,2
007-5452-300,3
20170223094009879,0
20170427084114239,0
007-6609-400,4
007-8820-605,4
007-0961-000,0
007-0053-000,0
007-3829-200,2
20170414165230386,0
007-3661-200,2
20170415095934967,0
007-2357-100,1
20170226232720349,0
007-0549-000,0
007-5193-300,2
007-5337-300,2
007-8485-604,2
007-1954-100,0
007-2623-100,1
007-6720-400,4
20170408075826673,0
007-6254-300,3
007-2441-100,1
20170328090806503,0
20170228164856243,0
007-2180-100,0
007-1084-000,0
007-4721-200,2
007-4931-300,2
007-6691-400,4
20170226214352293,0
20170220104152702,0
007-6041-300,2
007-1090-000,0
20170503090942880,1
007-6349-400,4
20170415090309773,0
20170526151625969,2
007-1387-000,0
007-6355-400,4
007-0383-000,0
007-7139-400,4
007-4950-300,2
20170327113516236,0
007-4952-300,2
007-6907-400,2
20170429203349506,0
20170326100026531,0
20170522165833385,2
007-2929-100,2
20170419095623439,0
20170426090413428,0
007-2072-100,0
007-2167-100,1
007-1126-000,0
007-0144-000,2
007-2815-100,1
20170430194325280,0
20170328153758019,0
20170228165757798,0
20170214093017393,0
007-1953-100,1
007-1869-100,1
20170326091625665,0
20170313105840514,0
007-4954-300,2
007-7506-601,0
20170430195511875,0
007-5597-300,2
20170605171348909,2
20170417105044486,0
007-7595-601,2
007-7424-601,2
007-3074-100,2
007-6607-400,3
20170331100227694,0
20170509080348495,2
20170430175927451,0
007-3880-200,2
20170429212332747,0
007-1676-000,0
007-0962-000,0
20161111142956603,0
007-0864-000,0
007-4715-200,2
007-5403-300,2
007-7262-400,4
20170429215707649,0
20170406093311685,0
007-5128-300,2
007-2228-100,1
20170616200941453,2
007-1162-000,0
007-3369-200,2
007-6097-300,2
007-1990-100,2
20170220135727932,0
20170610095059838,2
007-4930-300,2
007-1778-100,2
20170408000122401,0
007-2577-100,0
007-1536-000,0
007-6776-400,4
007-4261-200,2
20170328102344330,0
20170505093903390,2
007-5480-300,2
20170224144337713,0
007-7106-400,4
007-5096-300,2
20170624202756757,2
20170207143958785,0
007-6407-400,4
007-1986-100,2
007-7221-400,4
20170329095905784,0
007-0696-000,0
20170331094110729,0
20170224105520090,0
20170429212634742,0
007-2101-100,1
007-5845-300,2
20170224113109074,0
007-3459-200,2
20170427190008061,0
007-3717-200,2
007-4688-200,2
007-3543-200,2
007-0634-000,0
20170427195906934,0
007-4871-300,2
20170428082715586,0
007-8428-603,2
20170608192135800,2
007-6328-400,4
20170221103220111,0
20170508222739885,2
007-8070-601,2
20170429204548636,0
007-6300-400,4
007-1148-000,0
20170413081317045,0
20170525090043404,2
20170628114456450,2
007-0168-000,0
007-2717-100,1
20170221135117293,0
20170616195729126,2
20170524091341142,2
007-2820-100,2
007-4102-200,2
20170217091113756,0
007-0581-000,0
007-5181-300,2
007-6826-400,4
20170408222110964,0
007-7227-400,4
007-6490-400,4
007-5071-300,2
20170407232824470,0
20170630124326410,2
20170425092638708,0
20170404145602957,0
007-6530-400,4
007-5338-300,2
007-0837-000,0
20170331093915680,0
20170415090308241,0
007-5455-300,2
20170324075708136,0
007-3908-200,2
20170523115949867,2
007-2384-100,2
007-1105-000,0
007-2112-100,2
007-3061-100,1
007-0489-000,0
007-2114-100,2
007-2021-100,2
20170418081208382,0
007-5021-300,3
007-6855-400,4
007-5493-300,2
007-4444-200,2
007-3772-200,2
20170211162319343,0
007-2996-100,0
007-3934-200,2
20170405103418406,0
20170424153610938,0
007-1244-000,0
20170609171350373,2
20170324094841624,0
20170623161022467,2
007-3267-100,1
20170411141638867,0
007-2142-100,1
20170607082814913,2
20170426084805235,0
007-4358-200,2
20170405082726248,0
20170429223644846,0
007-3481-200,2
007-3407-200,2
007-2761-100,1
007-5941-300,2
20170429213523992,0
007-3972-200,2
20170428164732502,0
007-6200-300,2
007-3387-200,2
20170518171333730,1
007-4744-200,2
20170327094326044,0
007-5206-300,2
007-4247-200,2
20170501232823085,2
20170424154505873,0
20170427185012563,0
007-2456-100,1
007-5330-300,2
007-1532-000,0
20170208143852684,0
007-7132-400,4
20170427101349897,0
007-6477-400,4
20170511162525215,2
007-6458-400,4
007-4088-200,2
007-4545-200,2
007-0111-000,0
007-5425-300,2
007-2468-100,1
007-7568-601,4
20170429213257193,0
20170429210029753,0
20170418085727006,0
007-4663-200,2
20170406101655006,0
007-2829-100,0
20170216172145841,0
007-7499-601,2
007-2622-100,1
20170120222804830,0
007-0908-000,0
20170411092022304,0
20170408222209641,0
007-5111-300,2
007-2791-100,2
007-0286-000,0
007-7113-400,4
007-1569-000,0
20170401142156317,0
007-4833-300,2
007-6722-400,4
007-1966-100,1
007-3726-200,2
007-1366-000,0
007-0198-000,0
007-5956-300,2
20170408230824518,0
007-7048-400,4
20170323094906953,0
007-6073-300,2
007-6237-300,2
007-6633-400,4
007-4725-200,2
007-3041-100,1
20170430200958222,0
007-1575-000,0
20170414160717652,0
007-2669-100,1
20170226230734294,0
007-2544-100,2
007-7100-400,4
007-4294-200,2
007-3317-200,2
20170429210431431,0
007-7166-400,4
007-3577-200,2
007-1975-100,1
20170522165643363,2
007-5887-300,2
007-0371-000,0
20170427180842294,0
007-1458-000,0
20170430195738065,0
007-4407-200,2
20170615104443012,2
007-5399-300,2
20170608195109377,2
007-6538-400,4
20170303141757903,0
007-0957-000,0
20170430194805843,0
20170430152852201,0
007-7141-400,4
007-8805-605,4
007-3808-200,2
20170427184933328,0
007-0415-000,0
007-5905-300,2
007-1787-100,1
007-6575-400,4
20170323114802884,0
007-5560-300,2
007-6147-300,2
007-1005-000,0
007-2696-100,1
20170621141614441,2
007-4485-200,2
007-4614-200,2
20170430194658679,0
007-0314-000,0
007-3736-200,2
20170628162207585,2
20170330153112650,0
20170430201121491,0
007-6756-400,4
007-1856-100,2
20170427183200052,0
007-2766-100,3
20170612205028509,2
007-3193-100,0
007-3865-200,2
20170120222612101,0
007-5432-300,2
007-3765-200,2
20170413133507278,0
007-3411-200,2
20170429204127993,0
007-0856-000,0
007-3527-200,2
007-4776-200,2
007-3984-200,2
007-5459-300,2
007-1451-000,0
007-3279-200,2
007-1877-100,1
007-1897-100,1
007-0841-000,0
007-7107-400,4
20170427185440175,0
007-5689-300,2
007-1860-100,0
20170326104628428,0
007-1832-100,0
007-8170-601,2
007-5131-300,2
20170226205347603,0
20170618221814651,2
007-1175-000,0
20170329141627712,0
20170428081649811,0
20170620185826890,2
007-6347-400,4
007-2865-100,1
007-5725-300,2
20170227103129077,0
007-6309-400,4
20170426150556803,0
007-4395-200,2
20170417195644536,0
007-0946-000,0
20170524112244605,2
007-1765-100,2
007-4212-200,2
007-1949-100,1
007-3009-100,1
007-4394-200,2
20170214145306157,0
007-2073-100,0
20170226083547139,0
20170427210217995,0
20170502095138326,2
007-2599-100,1
20170629163541385,2
20170429231929091,0
007-3293-200,2
007-3310-200,2
007-3700-200,2
20170418090904545,0
007-1994-100,2
20170429225721436,0
20170331100616931,0
007-1932-100,2
20170429201934466,0
007-4025-200,2
007-5950-300,2
20170412194611479,0
007-4592-200,2
007-4959-300,2
20170327094915462,0
007-5116-300,3
007-1270-000,2
20170608194027190,2
007-6117-300,2
007-3141-100,2
20170515092404420,2
007-7015-400,4
20170429213736649,0
007-3172-100,1
20170221150644411,0
20170524102444337,2
007-2485-100,1
20170427185941933,0
007-3494-200,2
20170427204349781,0
007-4677-200,2
20170209151151417,0
007-0387-000,0
20170531165114278,2
007-0222-000,0
007-4318-200,2
007-4646-200,2
20170401090053814,0
20170430195458005,0
007-1748-000,0
20170429215529619,0
007-1335-000,0
20170223152324262,0
007-6760-400,4
20170407230558659,0
007-0389-000,0
007-2109-100,1
20170429220023817,0
007-7865-601,0
007-6196-300,2
007-5651-300,2
007-4389-200,2
007-3710-200,2
20170227233610496,0
007-4199-200,2
007-1464-000,0
007-3760-200,2
20170220143121830,0
20170329085346073,0
20170428105426121,0
007-0275-000,0
20170428093227234,0
20170430201323898,0
20170329091202868,0
007-0251-000,0
007-7149-400,4
20170429220156336,0
20170324081121248,0
20170223151510483,0
20170418103851495,0
007-0136-000,0
007-0093-000,2
007-4851-300,2
20170429214649474,0
007-4325-200,2
20170313172952559,0
007-6024-300,2
20170227160332607,0
007-2709-100,2
20170327081938871,0
20170226202658176,0
20170429200544211,0
20170512231007763,3
007-2364-100,1
007-7226-400,4
20170331095753603,0
20170612115910188,2
007-1937-100,1
20170511160517775,2
20170605152653676,2
007-6391-400,3
20170213081352167,0
20170429222433397,0
20170429212437072,0
007-4242-200,2
007-6181-300,2
20170429202713383,0
20170323083032506,0
007-5410-300,2
007-2070-100,2
20170418074457367,0
007-3867-200,2
20170223115348146,0
007-1992-100,0
007-4945-300,2
007-7012-400,3
20170429211155663,0
007-2052-100,2
007-4392-200,2
007-6583-400,4
007-4759-200,2
007-3448-200,2
20170429202310166,0
007-1567-000,0
20170602155248106,3
007-2918-100,2
20170324100528998,0
20170415091130973,0
20170430150829830,0
007-2914-100,2
20170429205807483,0
007-4552-200,2
20170608105641569,3
20170503161821878,2
007-4463-200,2
007-5626-300,2
007-4641-200,2
20170608133302015,2
007-3893-200,2
20170430201806128,0
20170427192115631,0
007-2649-100,2
007-6044-300,2
20170630165124941,2
007-1260-000,0
007-0113-000,0
20170621140621348,2
20170624110627093,2
007-3058-100,2
20170221145524121,0
007-4065-200,3
007-3320-200,2
20170228183252681,0
20170427084657809,0
20170407232357230,0
007-0304-000,0
007-1152-000,0
20170609091703811,2
007-6134-300,2
20170616082139360,2
20170601084514660,2
20170427181951756,0
007-4669-200,2
20170522103325925,2
007-4587-200,2
007-0524-000,0
20170411141728019,0
007-5240-300,2
007-5497-300,2
007-3327-200,2
007-1228-000,0
20170430205155457,0
20170508162844076,2
20170409201218881,0
007-0337-000,0
007-4671-200,2
20170420183148139,0
007-3468-200,2
20170429220220001,0
007-1941-100,1
20170429215315674,0
007-4366-200,2
20170429231600565,0
007-3161-100,0
007-3582-200,2
007-2928-100,2
007-6085-300,2
20170331075148942,0
20170223142304907,0
20170408232057631,0
20170323130338822,0
20170430193204945,0
20170428083930305,0
20170427182842049,0
007-4203-200,2
007-1421-000,0
20170417113604837,0
007-6824-400,4
007-1363-000,0
007-2794-100,2
007-6013-300,2
20170429203329412,0
007-2982-100,0
20170226225501999,0
20170330085955483,0
007-5115-300,3
20170407111938734,0
20170417110130463,0
20170503161821997,2
007-5363-300,2
007-0784-000,0
007-5918-300,2
20170328094249296,0
20170424153038492,0
007-0067-000,0
007-0770-000,0
007-2787-100,1
007-6574-400,4
20170324094021003,0
007-2624-100,2
20170427093626566,0
007-4111-200,2
007-3853-200,2
007-3269-100,2
007-3735-200,2
20170215092125739,0
20170407221518903,0
007-4955-300,2
007-1726-000,0
20170427184009388,0
007-6152-300,2
007-6362-400,4
20170601152455773,2
007-3989-200,2
007-0922-000,0
007-2301-100,2
007-3186-100,2
20170613095553327,2
007-4990-300,2
20170327111945310,0
007-7580-601,0
007-0400-000,0
20170429231658211,0
007-7270-601,0
20170427180853125,0
20170425160445127,0
007-3428-200,2
20170619190000614,2
007-5155-300,2
20170330153640872,0
20170330095646694,0
20170424110302568,0
20170427184346601,0
007-0681-000,0
007-6107-300,2
007-4292-200,2
007-3685-200,2
20170408224652683,0
007-5986-300,2
20170426082522695,0
20170215093444594,0
20170429222553825,0
007-2186-100,1
20170405082720270,0
007-4158-200,2
007-7942-601,0
20170226224620828,0
20170414094612758,0
20170429205147287,0
007-1255-000,0
20170324082252731,0
20170226230921903,0
20170430173752142,0
007-2293-100,1
007-4876-300,2
007-5529-300,2
20170221110759832,0
007-6559-400,4
007-2377-100,1
007-3728-200,2
007-2328-100,2
20170217133432256,0
20170528112424899,2
007-4123-200,3
007-4913-300,2
20170131090206092,0
20170510144008679,2
007-5377-300,3
007-0038-000,0
007-5091-300,2
007-4518-200,2
20170401091024219,0
007-3881-200,2
007-5856-300,2
20170213170633871,0
20170429222924732,0
007-2300-100,1
007-2269-100,1
007-5902-300,2
007-5495-300,2
007-6982-400,4
20170518144500812,2
007-8369-603,2
20170429202324291,0
20170517093712832,2
20170429210801172,0
20170609175027838,2
007-7645-601,0
20170407155503268,0
007-3227-100,2
20170324101738972,0
20170120221359397,0
007-2469-100,1
007-6028-300,2
007-6983-400,4
007-4112-200,2
007-0076-000,0
20170621094653452,2
007-5611-300,2
007-1831-100,1
007-7196-400,4
007-0704-000,0
20170413080721568,0
20170407111908406,0
007-2319-100,2
007-5395-300,2
007-5195-300,2
20170428105824486,0
007-4819-300,2
20170427185636543,0
007-4327-200,2
20170429195456441,0
20170515172441069,2
007-3455-200,2
20170429222244101,0
20170327110931523,0
20170429223309129,0
007-4839-300,2
007-7242-400,4
007-3519-200,2
20170420141209265,0
007-2880-100,1
007-3507-200,2
007-4353-200,2
007-4243-200,2
007-1777-100,1
20170427185920938,0
007-0508-000,0
20170427191045130,0
20170408231038780,0
007-3235-100,2
007-5397-300,2
007-8637-605,2
20170429210859316,0
20170213094713916,0
20170608143417670,2
007-5880-300,2
20170328114714967,0
20170426173807708,0
007-6998-400,4
20170408213413956,0
20170214103710489,0
007-6806-400,4
007-1211-000,0
007-0495-000,0
20170427175716777,0
007-6770-400,4
007-6829-400,4
007-1795-100,1
007-3763-200,2
20170216143323349,0
007-0768-000,0
007-2234-100,1
007-0233-000,0
20170605163041513,2
20170429222523428,0
20170406115405680,0
007-7517-601,0
007-6226-300,3
007-6186-300,2
007-5305-300,2
007-5345-300,2
007-3163-100,2
20170429221520080,0
20170428082724356,0
20170425095922296,0
20170217102354224,0
007-6877-400,4
20170415095518089,0
007-0004-000,0
007-0893-000,0
007-0897-000,0
20170211112234910,0
20170512160521256,2
007-4094-200,2
007-5235-300,2
007-5855-300,2
20170429222219419,0
20170429203400714,0
20170427084620429,0
20170324093107776,0
20170518151338862,2
007-1738-000,0
007-1482-000,0
007-4156-200,2
20170225194024529,0
007-3988-200,2
20170602084503140,2
007-3629-200,2
007-6452-400,4
007-1934-100,1
20170410161931292,0
20170328180147668,0
007-1544-000,0
007-7032-400,4
20170427184052278,0
007-6277-300,2
007-2836-100,1
007-3050-100,1
007-6026-300,2
20170429224415970,0
20170429224248109,0
007-0933-000,0
007-5381-300,2
20170221161638764,0
20170618100223607,2
20170419101931761,0
007-4149-200,2
007-6417-400,4
20170215225546764,0
20170430193513456,0
20170427190356738,0
007-0230-000,0
007-7144-400,4
20170426083617275,0
007-4598-200,2
007-5637-300,2
20170330085537655,0
007-5270-300,2
20170220154741467,0
007-4099-200,2
007-2341-100,1
20170427190719686,0
20170331094024479,0
20170328101707998,0
007-6118-300,2
007-7679-601,0
007-3553-200,2
007-4307-200,2
20170327111710412,0
007-7791-601,0
007-3078-100,2
20170324094410750,0
007-6167-300,2
007-2105-100,1
007-1096-000,0
007-1761-100,2
20170429221754502,0
20170427181949337,0
20170619150616243,2
007-2619-100,1
20170430194128267,0
007-1149-000,0
007-2360-100,1
20170512120618922,2
007-0798-000,0
007-6564-400,4
007-4011-200,2
20170329074906288,0
20170216154809771,0
007-1059-000,0
20170622080902439,2
20170120215754794,0
007-8842-605,4
20170522100405220,2
20170226092823995,0
20170428145629897,0
20170224151258095,0
007-1893-100,1
20170626162707159,2
20170330153401334,0
007-4067-200,2
007-6311-400,4
007-1916-100,0
20170223174957075,0
20170413081650531,0
20170511145023915,2
20170209134432804,0
007-4800-300,2
20170615104926501,3
007-3082-100,1
007-1079-000,0
007-5230-300,2
007-6596-400,4
007-3755-200,2
007-4987-300,2
20161114145629315,0
20170120154239604,0
007-5367-300,2
007-3673-200,2
20170406195445058,0
007-7367-601,0
007-6850-400,4
20170226092957972,0
007-5801-300,2
007-1109-000,0
007-6997-400,4
20170329082946600,0
007-0656-000,0
007-6700-400,4
007-0920-000,0
20170427183345911,0
20170419092132247,0
007-2246-100,1
20170327112956651,0
20170327075631732,0
007-3303-200,2
007-4674-200,2
007-1469-000,0
007-2738-100,1
007-4958-300,2
20170226223735491,0
007-2430-100,1
007-4279-200,2
20170427204804237,0
20170412084504237,0
007-7820-601,0
007-3839-200,2
007-0505-000,0
007-2574-100,2
007-6397-400,4
20170502160732440,2
007-5465-300,2
20170226232045505,0
20170425120522997,0
007-3823-200,2
20170223174358130,0
007-2539-100,1
007-3338-200,2
007-1734-000,0
20170427185859450,0
007-2763-100,2
20170417095129728,0
20170429220110763,0
20170430201052420,0
20170329144505192,0
20170623150218158,2
007-0141-000,0
007-0411-000,0
007-3096-100,1
007-3045-100,1
007-0056-000,0
007-5763-300,3
20170601164355691,2
20170509090228769,2
20170329084624677,0
20170223151243883,0
20170418140113121,0
20170221143257485,0
007-0399-000,0
007-0838-000,0
007-7116-400,4
007-6590-400,4
20170417105054647,0
20170316102816374,0
007-0527-000,0
007-3285-200,2
20170430141400934,0
007-6740-400,4
007-2143-100,2
007-0761-000,0
007-1898-100,2
007-6694-400,4
007-2154-100,1
20170429201802065,0
007-1094-000,0
007-0808-000,0
007-3410-200,2
20170608165114512,2
007-6718-400,4
20170420194636840,0
007-2115-100,2
007-4994-300,2
007-1238-000,0
007-2751-100,1
007-0747-000,0
20170213165917903,0
20170227160552411,0
20170429224407389,0
20170426082359710,0
007-1398-000,0
007-2280-100,1
007-4438-200,2
20170427095906832,0
007-0697-000,0
20170407222627536,0
20170418084834067,0
007-5617-300,2
007-0094-000,0
007-4753-200,2
007-4326-200,2
20170123093846029,0
20170407152615503,0
20170324112320019,0
007-0939-000,0
20170429232131033,0
007-6505-400,4
007-6845-400,4
007-8547-604,0
007-4790-300,2
20170410100652796,0
007-7165-400,4
007-7021-400,4
20170328081449974,0
007-3573-200,2
20170429215045131,0
20170419084158931,0
20170430153125783,0
20170221150708690,0
20170427084743440,0
20170211112235709,0
20170412093605779,0
007-2369-100,1
007-4624-200,2
007-4555-200,2
007-2998-100,1
20170612110215174,2
20170511194004638,2
007-4412-200,2
007-5507-300,2
20170327092530674,0
20170409200955120,0
20170528211438926,2
20170418103848647,0
007-7229-400,4
007-1095-000,0
20170429215323608,0
007-6485-400,4
007-6573-400,4
007-6860-400,4
007-7486-601,2
007-3952-200,2
007-5321-300,2
007-0170-000,0
007-7115-400,4
20170226225505931,0
007-6958-400,4
007-0598-000,0
007-5998-300,2
20170226093027863,0
007-5804-300,3
007-0099-000,0
007-3980-200,2
20170609094519942,2
007-4193-200,2
20170328091057123,0
007-4174-200,2
007-0077-000,0
20170417095343228,0
007-6584-400,4
20170228223247254,0
20170430201203478,0
20170227233523926,0
007-6928-400,4
007-2177-100,0
007-2340-100,2
20170430153021069,0
007-1405-000,0
007-4437-200,2
20170412112936704,0
007-6126-300,2
20170429210938928,0
20170331093312956,0
007-4441-200,2
20170406112542031,0
007-7535-601,2
20170429203635487,0
007-1181-000,1
007-6454-400,4
007-5067-300,3
20170328090806043,0
20170217172406226,0
007-6656-400,4
20170226092855367,0
20170221093102893,0
007-2397-100,1
007-3239-100,1
007-2594-100,2
007-3659-200,2
20170420145707902,0
007-4868-300,3
20170405085537286,0
20170221091239416,0
20170328150001001,0
007-6637-400,4
20170503090730862,2
007-1816-100,2
007-5234-300,2
007-6367-400,4
20170329143238497,0
20170607085936158,2
007-3649-200,2
20170429223630839,0
20170228231807286,0
007-6284-400,4
007-4824-300,2
007-1459-000,0
007-1321-000,2
20170428093839526,0
007-1165-000,0
20170221143649570,0
007-4908-300,2
007-3605-200,2
20170518162231306,2
007-6684-400,4
20170414155609250,0
20170323092204273,0
007-7438-601,0
20170427184631485,0
20170608154225606,2
20170208174022044,0
007-0924-000,0
20170522105641915,2
007-6208-300,2
007-7864-601,0
007-7109-400,4
007-6007-300,2
007-0979-000,0
007-4748-200,2
20170429214713035,0
20170429221951444,0
007-3909-200,2
007-5522-300,2
007-2888-100,2
007-4829-300,2
20170328150336683,0
20170228170540015,0
007-5896-300,2
007-3905-200,2
007-2951-100,2
007-3958-200,2
007-1404-000,0
007-2459-100,1
20170213104307130,0
20170425114619614,0
20170521094745902,2
007-3712-200,2
20170329143208193,0
007-6460-400,4
007-4633-200,2
20170216104034957,0
007-2096-100,1
007-3820-200,2
007-3539-200,2
007-2440-100,2
20170427195456847,0
007-0658-000,0
20170226231742512,0
007-2358-100,0
20170429200932243,0
20170627113846114,1
20170418095851939,0
007-1027-000,0
20170430195202479,0
007-6136-300,2
20170430191609332,0
007-4846-300,3
20170602085458708,3
007-6217-300,2
007-0193-000,0
20170615121449076,2
007-5491-300,2
20170613084729625,2
20170422184600812,0
007-0657-000,2
20170427190001968,0
007-6868-400,4
007-2098-100,1
007-3631-200,2
007-6735-400,4
007-4085-200,2
007-0152-000,0
007-6366-400,4
007-4042-200,2
007-2702-100,1
20170424162337571,0
20170408220639838,0
007-0930-000,0
20170323162238639,0
007-1981-100,0
007-7444-601,0
20170216172124099,0
007-4567-200,2
007-4028-200,2
20170417113313915,0
007-0189-000,0
20170417200127598,0
20170612142012308,2
20170427184014775,0
20170222183307014,0
007-2859-100,1
20170327140112310,0
007-1770-100,2
20170429205727648,0
007-2151-100,1
20170628104216955,2
007-3133-100,2
20170206143552850,0
007-1358-000,0
20170406083950076,0
20170424165420766,0
007-3042-100,1
007-3056-100,2
20170405112448086,0
007-4141-200,2
20170411115056986,0
20170427185458203,0
007-4529-200,2
20170427191700068,0
20170214095955848,0
007-3024-100,2
007-1667-000,0
20170429224744829,0
007-4502-200,2
007-6275-300,2
20170430190812305,0
007-1486-000,0
007-7564-601,0
007-6220-300,2
007-5710-300,3
007-0771-000,0
20170627195804056,2
007-3246-100,1
007-4843-300,2
007-5147-300,2
20170323140209715,0
20170125101246852,0
20170627103212873,2
007-6936-400,4
007-2536-100,2
20170429204447613,0
20170503161012969,2
007-2508-100,1
007-6489-400,4
007-5389-300,2
007-3727-200,2
20170613163546036,2
007-5316-300,2
20170509162056178,2
007-1362-000,0
007-0727-000,2
007-4143-200,2
20170327111337500,0
007-0921-000,0
007-5043-300,2
20170120222109781,0
20170120223528817,0
007-2532-100,1
20170412102253763,0
007-2029-100,2
007-6642-400,4
20161111142932851,0
007-3319-200,2
007-5862-300,2
20170206175828241,0
007-6944-400,4
007-5243-300,2
007-2020-100,2
007-0401-000,0
007-4406-200,2
007-3236-100,2
007-3753-200,2
007-8417-603,2
20170429214801658,0
007-4270-200,2
007-3294-200,2
20170410120234740,0
007-3935-200,2
20170120144404685,0
007-0268-000,0
20170314170514447,0
20170401092855939,0
007-4009-200,2
20170224113232654,0
20170226222929730,0
20170412105556320,0
20170406083949109,0
007-5883-300,2
007-2313-100,1
007-3545-200,2
20170529120226041,2
20170328154905325,0
20170427182939527,0
20170417105013880,0
007-4228-200,2
20170415150529884,0
007-1239-000,0
20170207080745616,0
007-7219-400,4
20170430145548173,0
20170223142340246,0
20170424154139778,0
007-1060-000,0
20170426083835198,0
007-2481-100,1
20170424170818796,0
007-4105-200,2
007-8189-601,2
20170515164713160,2
20170204102928336,0
007-3597-200,2
20170324111244129,0
20170502095044024,2
20170429205205636,0
20170430193112535,0
20170420153059903,0
20170629112619572,2
20170214103709991,0
007-2989-100,2
007-1517-000,0
007-6317-400,2
007-3588-200,2
007-2871-100,0
20170428153946369,0
20170322172551935,0
007-1460-000,0
20170221155007652,0
20170405112539372,0
20170429095809095,0
20170422182757789,0
007-7247-400,4
20170221164710064,0
007-2803-100,2
20170427183729491,0
007-0800-000,0
007-3130-100,2
20170214214752721,0
007-1207-000,0
20170504152732434,2
007-5354-300,2
20170428092140678,0
20170223094729353,0
007-3188-100,2
20170120220537547,0
007-5684-300,3
20170430195914892,0
007-4504-200,2
20170204114217232,0
007-2662-100,2
007-3816-200,2
20170627105606385,2
007-4866-300,2
007-4857-300,2
007-2480-100,1
007-0482-000,0
007-3457-200,2
20170427111038586,0
20170425090234688,0
007-5971-300,2
007-5448-300,2
20170209134240203,0
007-4398-200,2
20170511165131868,2
007-0870-000,0
007-1822-100,1
007-3574-200,2
20170629213222637,2
007-8259-602,2
007-5414-300,3
20170616200138019,2
007-4539-200,2
20170324080918804,0
20170412162233043,0
007-6207-300,2
007-2087-100,1
007-4651-200,2
007-3383-200,2
20170222181029058,0
007-5567-300,2
20170429232041823,0
20170621143513349,2
20170427090010016,0
007-1798-100,2
007-6980-400,4
20170213165901333,0
20170328093140718,0
007-8689-605,4
007-5990-300,2
007-3657-200,2
007-7852-601,0
007-1206-000,0
20170203111252472,0
20170222181046885,0
20170430175816621,0
007-5159-300,2
007-7573-601,2
20170626180309266,2
20170414153840398,0
20170429200105002,0
007-1539-000,0
007-2737-100,2
007-6531-400,4
007-4797-300,2
20170430201716105,0
20170626180035700,2
007-7939-601,0
007-0936-000,0
007-5045-300,2
20170616084701902,2
20170629163541793,2
007-2425-100,2
007-3256-100,0
007-0966-000,0
007-5252-300,2
007-3375-200,2
007-0937-000,0
007-7501-601,0
20170412085130636,0
007-2668-100,2
20170429223845045,0
007-5445-300,2
007-4622-200,2
20170429202509086,0
007-5280-300,2
007-0826-000,0
007-5353-300,2
20170502092649506,2
20170407215113346,0
20170427190222259,0
007-1092-000,0
20170608220738626,2
20170428093034277,0
007-6480-400,4
20170331112121587,0
20170429201617730,0
20170419102337922,0
007-1441-000,0
007-0223-000,0
007-5461-300,2
007-1570-000,0
20170417153440644,0
20170427182331584,0
20170412101211088,0
20170331083849323,0
007-3306-200,2
007-4010-200,2
007-1504-000,0
007-5255-300,2
007-0813-000,0
007-3214-100,2
007-1848-100,0
20170426090503082,0
20170412093600138,0
007-5420-300,2
20170427183137938,0
007-1865-100,1
20170427162324166,0
007-0796-000,0
007-6569-400,4
007-1760-100,2
20170228225523381,0
20170224161618630,0
20170602091433895,0
20170424154246110,0
007-2540-100,1
20170614093151112,2
007-2525-100,2
007-4750-200,2
20170215093444076,0
20170226093758363,0
007-1476-000,2
007-3292-200,2
20170313172947430,0
20170429224622325,0
007-0595-000,0
007-5484-300,2
20170401095150739,0
20170406101229009,0
20170228225701913,0
20170224150453809,0
20170511082348807,2
20170429230105958,0
007-1572-000,0
007-6946-400,4
007-3482-200,2
007-0057-000,0
20170215094437640,0
007-2124-100,1
007-4223-200,3
007-2967-100,2
20170430175859077,0
007-0104-000,0
20170428100316842,0
20170301195924349,0
007-6977-400,4
20170224181242827,0
20170408233034773,0
007-2922-100,1
007-2283-100,1
007-0533-000,0
007-2945-100,1
20170428083319755,0
20170429211939728,0
007-0466-000,0
007-1785-100,1
007-3998-200,2
007-6872-400,4
007-1783-100,0
007-6370-400,4
20170520100604296,2
20170203163109824,0
20170517092841210,2
007-4475-200,2
20170411204231266,0
007-7561-601,4
20170209151045082,0
007-2852-100,1
007-1176-000,0
007-1515-000,0
20170518144431952,2
007-5038-300,2
007-1768-100,2
007-0545-000,0
007-4202-200,2
007-4783-200,2
007-1858-100,0
20170208101452677,0
007-7688-601,0
007-7260-400,4
20170429213636769,0
20170429203633599,0
007-4991-300,3
007-0847-000,0
20170222150128857,0
007-2682-100,1
007-6162-300,2
20170621084634804,2
007-7794-601,0
007-1604-000,0
007-3682-200,2
007-5981-300,2
20170408232105296,0
20170429224037690,0
007-1417-000,0
007-0265-000,0
20170214214827319,0
007-2627-100,2
20170223114348869,0
007-6825-400,4
007-8728-605,4
20170328085234524,0
007-2048-100,2
20170323172228668,0
20170429231129017,0
20170424165659138,0
007-0358-000,0
007-6535-400,4
007-6095-300,2
20170221161525729,0
20170408211825756,0
007-4693-200,2
007-1969-100,2
20170429225842980,0
007-5915-300,2
007-2054-100,2
20170323085712132,0
007-1193-000,0
20170519180821875,2
007-5631-300,2
007-4323-200,2
007-0763-000,0
20170226232202652,0
007-3335-200,2
007-0218-000,0
20170327112656972,0
20170407233041055,0
20170427185139601,0
007-2908-100,1
20170214145205746,0
20170329082548692,0
20170406084019942,0
20170330105403355,0
20170630113125663,2
007-7409-601,0
20170223145817474,0
007-3913-200,2
007-2981-100,1
20170213094416087,0
20170329162303823,0
20170329141353743,0
007-2409-100,1
20170427182953059,0
20170430180149866,0
20170408212826147,0
007-5042-300,2
20170621091420149,2
007-6561-400,4
007-6377-400,4
20170627081627610,2
007-6455-400,4
007-6318-400,4
20170524112245527,2
20170120223535385,0
20170427182915376,0
007-0627-000,0
007-0509-000,0
20170415095710294,0
20170407152218561,0
007-3843-200,2
007-6010-300,3
20170410135524275,0
007-1456-000,0
007-6057-300,2
20170406101726148,0
007-0375-000,0
007-1886-100,0
007-0971-000,0
007-6884-400,4
007-5362-300,2
20170411114352014,0
007-7060-400,4
007-1707-000,0
20170427082251845,0
20170408225147906,0
007-4962-300,2
20170429204329932,0
007-4154-200,3
007-6324-400,4
20170208103213625,0
007-6048-300,2
007-6778-400,4
20170228221648381,0
007-0456-000,0
20170626145830231,2
20170407235654486,0
007-1591-000,0
20170429223148908,0
007-2689-100,1
007-2772-100,1
007-3076-100,2
20170427182837052,0
20170426092143447,0
20170429220832094,0
007-1556-000,2
007-0470-000,0
007-6451-400,4
20170220133327199,0
20170428100838780,0
007-1666-000,0
20170411092321966,0
007-7871-601,0
20170414160456704,0
007-1155-000,0
20170122165402093,0
007-3897-200,3
007-7991-601,2
007-2718-100,2
007-2153-100,0
007-0793-000,0
007-5496-300,2
007-3350-200,2
007-2191-100,0
20170323092852818,0
007-2208-100,1
20170221161840282,0
007-2659-100,2
007-6693-400,4
007-0929-000,0
007-5429-300,2
20170521095717085,2
007-4449-200,2
007-6905-400,4
007-3777-200,3
007-6238-300,2
20170208145455389,0
007-2133-100,2
007-7121-400,4
20170429203416134,0
20170401092743757,0
007-3106-100,2
007-6091-300,2
007-6182-300,2
007-1740-000,0
007-2783-100,2
20170418085138697,0
007-1764-100,2
007-1852-100,1
007-0592-000,0
007-2890-100,1
20170426090644946,0
007-0967-000,0
20170409204407123,0
007-0642-000,0
20170317221207111,0
007-2933-100,2
007-7218-400,4
007-7047-400,4
20170323114953915,0
007-0083-000,0
007-3737-200,2
007-0460-000,0
20170424093430988,0
20170601163945952,2
20170210121850656,0
20170414155329773,0
20170430193718351,0
007-1679-000,0
20170223103956335,0
007-5334-300,3
20170428165555604,0
007-4520-200,2
007-0637-000,0
007-1697-000,0
20170418093447163,0
20170331162653412,0
007-2059-100,0
20170120222412717,0
20170122170934210,0
007-0701-000,0
20170427191654988,0
007-4983-300,2
007-1394-000,0
007-6335-400,4
007-2690-100,2
007-3403-200,2
007-6408-400,4
20170521011801513,0
007-2490-100,2
20170417140954732,0
007-4287-200,2
007-3245-100,1
007-1590-000,0
20170324080423631,0
007-6243-300,2
007-1819-100,2
20170508093934243,2
20170427203912457,0
20170626161030908,2
20170419085622010,0
007-1866-100,0
007-2635-100,2
007-1069-000,0
007-1036-000,0
20170614092235283,2
007-1929-100,1
007-6804-400,4
20170326092747892,0
20170406101226861,0
20170429220511223,0
007-1883-100,2
20170120222419866,0
20170213143235311,0
007-0854-000,0
007-3118-100,0
007-6320-400,4
007-0087-000,0
20170609154552424,1
007-6554-400,4
007-0262-000,0
20170427191812028,0
20170629083334527,2
007-4565-200,2
007-6862-400,4
007-3565-200,2
20170418092249373,0
007-6903-400,4
007-3798-200,2
20170429212853903,0
007-3513-200,2
007-5201-300,2
20170324092425163,0
007-1443-000,0
007-6164-300,3
20170502112049025,2
007-1887-100,2
007-1216-000,0
20170228225413523,0
20170401171723974,0
007-3795-200,2
007-5707-300,2
20170427085831881,0
007-5479-300,2
20170225103023068,0
007-3184-100,1
007-1019-000,0
007-6643-400,4
20170429203152555,0
007-2932-100,2
007-2531-100,2
20170414081200273,0
20170430200752110,0
007-4280-200,2
007-2102-100,1
20170427181556231,0
007-5073-300,2
20170429202215846,0
007-5478-300,2
20170512114321485,2
20170411141028467,0
20170512231011621,2
20170427183925336,0
007-1483-000,0
20170418093623976,0
20170120223806266,0
007-0490-000,0
007-4696-200,2
007-5473-300,2
20170429210329254,0
007-0787-000,0
007-2571-100,2
20170326093340254,0
20170427192155266,0
007-4443-200,2
20170620003041751,2
20170406100610672,0
20170220091737255,0
20170603193634107,2
007-4388-200,2
20170223101333153,0
007-5286-300,2
007-6572-400,4
007-3636-200,2
007-3827-200,2
20170627091345662,2
20170324104428221,0
007-1378-000,0
20170407232503900,0
007-7102-400,4
007-5118-300,2
007-1628-000,0
007-5815-300,2
20170424093103597,0
20170429230824879,0
007-6448-400,4
20170428104528004,0
007-0829-000,0
20170211150927263,0
007-6031-300,2
007-5860-300,2
007-4466-200,2
007-4521-200,2
007-5307-300,3
20170226084422957,0
007-6780-400,4
20170430175729981,0
007-7133-400,4
007-6412-400,4
007-3132-100,1
007-3114-100,0
20170413083558002,0
20170428083804807,0
20170223171448943,0
007-6319-400,2
20170411095647973,0
007-3230-100,2
007-2692-100,1
20170411141555881,0
20170226225606060,0
20170327134206136,0
007-6018-300,2
20170216154926247,0
007-5306-300,2
20170224215420169,0
20170630083302555,2
007-3878-200,2
20170324144203455,0
007-5323-300,2
20170221104549767,0
007-6104-300,2
007-0795-000,0
20170224105604117,0
007-6497-400,4
20170413152155981,0
007-6354-400,4
20170407092851317,0
007-1882-100,2
007-2802-100,1
007-1062-000,0
20170406082748246,0
20170625205520357,2
007-1119-000,0
007-1341-000,0
007-2674-100,1
007-0844-000,0
20170429221335754,0
20170429204221442,0
20170323162415135,0
20170614092425898,2
20170120104119457,0
007-5703-300,3
20170417140743569,0
007-6679-400,4
007-0309-000,0
20170327140718220,0
007-3032-100,0
007-0458-000,0
007-2344-100,2
20170324085929970,0
20170611090415806,2
007-5912-300,2
20170227083936461,0
20170406082540787,0
007-5078-300,2
20170511205005408,2
007-1579-000,0
007-2562-100,2
007-1513-000,0
007-4147-200,2
20170426090330146,0
007-4506-200,2
007-3522-200,2
007-6434-400,4
20170215091730330,0
20170228223720726,0
007-5865-300,3
007-0767-000,0
007-2600-100,1
20170627192028701,2
007-1980-100,1
20170223153134954,0
007-3097-100,2
20170430200717384,0
20170613091004709,2
007-5498-300,2
007-3918-200,2
20170413094422086,0
007-1376-000,0
007-5294-300,2
007-3340-200,2
007-6582-400,4
20170430180010932,0
20170222152922467,0
007-2959-100,0
007-6852-400,4
007-5460-300,2
007-2675-100,2
007-0190-000,0
007-4100-200,2
007-0008-000,0
007-7498-601,2
007-7250-400,4
007-4285-200,2
007-4691-200,2
007-5709-300,2
007-6752-400,4
20170203145751000,0
20170427185015702,0
20170120215745444,0
20170429223751001,0
007-6476-400,4
20170213091841576,0
007-5312-300,2
007-1316-000,0
20170410142337498,0
007-2523-100,1
20170227235503263,0
007-4348-200,2
007-6757-400,4
007-0343-000,0
20170227231625537,0
20170526214931052,2
007-3237-100,1
007-3623-200,2
007-3441-200,2
20170508224540384,2
20170323093821503,0
007-2850-100,0
20170429204325698,0
20170531140926195,2
007-6094-300,3
007-0762-000,0
20170427085722849,0
007-1070-000,0
20170214093024019,0
007-6843-400,4
007-2927-100,2
20170414104052790,0
007-7145-400,4
20170329095340255,0
20170607104407295,2
20170427181227245,0
20170427190956018,0
007-1097-000,0
20170418105415065,0
007-3355-200,2
20170618220954015,2
20170427191518339,0
20170527081710847,2
20170429200930619,0
007-5800-300,2
007-4484-200,2
20170429200432424,0
007-0072-000,0
20170429203414999,0
20170330120141655,0
007-4316-200,2
007-6468-400,4
007-0283-000,0
20170405085630269,0
20170429201403506,0
007-1285-000,0
20170429210714738,0
007-3960-200,2
007-0425-000,0
007-5678-300,3
007-6801-400,4
007-5329-300,2
007-0765-000,0
007-3035-100,2
007-3638-200,2
007-4397-200,2
007-2578-100,1
007-3234-100,2
007-6146-300,2
007-5974-300,2
20170608194027881,2
20170221105601026,0
007-1227-000,0
20170429193605264,0
20170223151908132,0
20170213091846608,0
20170429203921289,0
007-2030-100,2
007-5365-300,2
007-6059-300,2
20170324101034222,0
20170608112856878,2
20170329080832977,0
007-6610-400,4
007-1974-100,1
007-6750-400,4
007-0312-000,0
20170430202041924,0
20170401091745945,0
007-3020-100,0
007-2621-100,1
007-1340-000,0
20170406195731399,0
20170214213145253,0
007-4273-200,2
007-0664-000,1
007-1997-100,1
007-5408-300,2
007-6272-300,2
20170430193255619,0
007-2583-100,0
007-6931-400,4
20170408213539886,0
007-1063-000,0
20170221102353332,0
007-0284-000,0
20170206181347418,0
007-5602-300,3
007-2603-100,2
007-4427-200,2
007-0950-000,0
20170429223234676,0
20170424162030749,0
20170430192532548,0
007-4524-200,2
007-0858-000,0
20170419160343303,0
20170221164707308,0
20170621193546988,2
007-4830-300,2
20170518144607066,2
20170427181543507,0
20170324082848774,0
20170429202414995,0
20170331142753334,0
20170615110631899,2
007-2314-100,2
20170411085021368,0
20161114145629356,0
20170511145007873,2
007-2913-100,0
20170221111137237,0
20170208144726672,0
20170418084108714,0
20170323130340134,0
20170221145201333,0
20170221080059896,0
20170429205336309,0
007-6001-300,2
20170619110259422,2
007-3054-100,2
007-0898-000,0
007-5114-300,2
20170417100914763,0
20170120104303200,0
20170326104627144,0
007-6033-300,2
007-5284-300,2
20170208175451610,0
007-3929-200,2
20170324094019439,0
007-3567-200,3
20170608194510438,2
20170221162451869,0
007-4420-200,2
20170528180525740,2
007-4192-200,2
20170613085627431,2
007-3684-200,2
20170206085240206,0
20170120215156264,0
20170323083610280,0
007-2445-100,1
20170427204639291,0
20170430193849906,0
20170410151420397,0
007-0219-000,0
007-1168-000,0
007-6065-300,2
007-6240-300,2
20170217091113294,0
20170428110413053,0
007-4116-200,2
007-2769-100,1
20170429210353879,0
20170614152351572,2
007-1537-000,0
20170424161654569,0
007-1702-000,0
007-0671-000,0
007-6687-400,4
20170401092850059,0
20170404144939467,0
007-2413-100,1
007-7594-601,2
007-4436-200,2
20170429200507142,0
20170429214546145,0
007-3090-100,1
007-0955-000,0
007-0054-000,0
007-0069-000,0
20170429223916653,0
20170221085350842,0
007-7743-601,2
007-3165-100,2
20170429204446471,0
007-6626-400,4
20170427185312456,0
007-2637-100,1
20170217095932475,0
20170429203914469,0
007-1025-000,0
20170525194632164,2
20170330075043628,0
20170428111949659,0
007-3142-100,2
20170612094201671,2
007-0867-000,0
20170324083513388,0
20170630161316044,2
007-0379-000,0
007-4386-200,2
20170427111038648,0
20170209163147270,0
007-2198-100,0
007-3701-200,2
20170329075721626,0
007-3949-200,2
007-6470-400,4
007-5938-300,2
20170207102901751,0
20170429212322109,0
20170220095322315,0
007-5958-300,2
007-7258-400,4
20170331092136468,0
007-1349-000,0
007-3691-200,2
007-0801-000,0
007-2961-100,1
007-2464-100,2
20170613114347795,2
007-1273-000,1
007-8317-602,0
20170221162224426,0
20170327105802214,0
20170427184416216,0
20170620191353945,2
007-5591-300,2
20170330085539114,0
007-5826-300,2
20170226225951734,0
007-5494-300,2
007-1918-100,1
007-2892-100,1
007-0706-000,2
007-0748-000,0
007-6878-400,4
007-3512-200,2
20170424155738931,0
007-2362-100,1
007-2378-100,1
007-3443-200,2
20170427180847120,0
20170406100429534,0
007-7527-601,2
20170418115334983,0
007-6817-400,4
007-3488-200,4
007-4734-200,2
007-3240-100,1
20170324094649192,0
007-0513-000,0
007-3316-200,2
20170429204318891,0
007-5278-300,2
007-4345-200,2
007-3362-200,2
20170425091742877,0
20170326093743368,0
20170430191337526,0
007-6658-400,4
20170430195829731,0
007-0557-000,0
20170429212306680,0
20170413081319152,0
007-1498-000,0
007-5517-300,2
007-6080-300,2
20170227160938274,0
007-1212-000,0
20170612000344635,2
20170227230601700,0
20170502000228274,2
007-2498-100,1
007-2550-100,1
007-7213-400,4
20170511224846523,2
007-6910-400,4
007-2463-100,2
007-8321-602,2
007-5228-300,2
20170609190028430,2
007-1448-000,0
007-2123-100,2
007-0737-000,0
20170517171348722,2
007-2442-100,1
007-4960-300,2
007-4217-200,2
20170616090014998,2
007-5541-300,2
007-5570-300,3
20170427100254237,0
20170430203932432,0
007-0296-000,0
20170329082807396,0
007-6660-400,4
007-7500-601,2
20170427185706409,0
20170221141931314,0
20170422195603994,0
007-4070-200,2
007-0720-000,0
20170503161702100,2
007-0647-000,0
20170407222112733,0
007-1542-000,0
20170301142643263,0
007-6486-400,4
007-5908-300,2
007-4322-200,2
20170429204454340,0
20170408212945542,0
007-3195-100,2
20170518142454730,2
20170324091045547,0
20170410093004711,0
20170627160207126,2
20170419183802467,0
20170430193710265,0
007-4494-200,2
007-5503-300,2
20170330153519213,0
007-4547-200,2
20170429215216183,0
007-8015-601,0
007-5755-300,2
007-6459-400,4
007-7117-400,4
007-6517-400,4
007-1851-100,2
007-5394-300,2
007-4122-200,2
20170219165829586,0
20170430205404105,0
20170428111044268,0
20170224143729453,0
007-5843-300,2
20170401171316028,0
007-1931-100,2
20170426173811370,0
007-6556-400,3
007-5791-300,2
20170524104642726,2
007-0234-000,0
007-5199-300,2
007-7629-601,0
007-5318-300,2
007-4354-200,2
007-0348-000,0
007-0889-000,0
20170408232528524,0
20170523165729685,2
007-0885-000,0
007-2878-100,1
007-2568-100,1
007-4561-200,2
007-6002-300,3
20170421101203241,0
007-3103-100,1
007-6052-300,2
20170427211147039,0
007-1525-000,0
007-4607-200,2
20170429214731181,0
007-4999-300,2
20170602093104027,2
007-5535-300,2
007-5238-300,2
20170414165313970,0
007-5667-300,2
20170427085924556,0
007-5824-300,2
007-4103-200,2
20170609180538403,2
007-1495-000,0
20170605163124228,2
20170407210511730,0
20170429211011053,0
007-4579-200,2
007-3299-200,2
20170221181102813,0
20170609154826618,2
20170608154212145,2
007-6603-400,4
20170429204540104,0
20170609091741078,2
20170214213332016,0
007-0831-000,0
20170324084840579,0
20170323090415735,0
20170425160836578,0
007-5525-300,3
20170414145526529,0
007-0459-000,0
007-0270-000,0
20170428150003668,0
20170608214612392,2
007-2590-100,2
20170328145935050,0
007-5549-300,2
007-5553-300,2
20170323140215836,0
007-0604-000,0
20170327111244402,0
007-3868-200,2
20170511170800183,1
007-3901-200,2
007-3404-200,2
007-2305-100,1
20170222151853159,0
007-1600-000,0
20170424154840851,0
007-4288-200,2
007-1972-100,1
007-5142-300,2
007-4611-200,2
20170502160732595,2
20170207080951185,0
20170601100335324,3
20170120154237310,0
20170327085656497,0
20170425160443878,0
20170419080253947,0
007-4675-200,2
20170206083214033,0
007-0758-000,0
007-4508-200,2
007-6479-400,4
20170505163758832,2
007-6690-400,4
20170429202038141,0
007-3968-200,2
20170228170413373,0
007-0417-000,0
20170429221136981,0
007-6072-300,2
007-5936-300,2
20170417155511409,0
007-2005-100,1
007-4442-200,2
20170427190859280,0
007-1889-100,2
20170429203138411,0
20170429204919586,0
20170407222635595,0
007-5844-300,2
007-1302-000,0
20170222152656977,0
007-2641-100,2
007-6499-400,4
20170511151338540,2
007-0305-000,0
20170408224204870,0
007-3804-200,2
007-4849-300,2
007-0213-000,0
20170427192237661,0
20170330095927587,0
007-1543-000,0
007-1826-100,2
20170223171923045,0
007-3550-200,2
007-2729-100,0
007-2647-100,1
20170608195253535,2
007-2804-100,2
20170418083235730,0
20170427215116621,0
007-6747-400,4
20170327111704847,0
20170329082424201,0
007-0474-000,0
007-3278-100,1
20170120142710322,0
007-0342-000,0
007-2078-100,2
20170206085235291,0
007-2952-100,2
007-7029-400,4
007-2302-100,1
20170427184848632,0
007-2110-100,1
007-3526-200,2
20170614143123716,2
007-2141-100,0
007-4409-200,2
007-3640-200,2
007-1013-000,0
20170621084037980,2
007-5217-300,2
007-1360-000,0
007-6695-400,4
007-5695-300,3
20170331112229792,0
007-5221-300,2
007-2503-100,1
20170221150754290,0
20170223171327021,0
007-4812-300,2
007-5919-300,2
007-3066-100,2
20170217105824807,0
20170518153036606,2
20170429214919301,0
007-2134-100,1
007-4381-200,3
007-0227-000,0
007-2596-100,1
20170429205402333,0
007-2974-100,2
007-5210-300,2
007-3332-200,2
007-2680-100,2
20170429211034855,0
20170213154950093,0
007-6009-300,2
20170225202833683,0
007-4290-200,3
007-6351-400,4
007-5699-300,2
007-1580-000,0
007-0382-000,0
007-1704-000,0
20170605093750075,2
007-0626-000,0
20170429205020436,0
20170429220817171,0
007-3266-100,2
20170409211422237,0
20170414094443265,0
007-2805-100,1
20170428084223549,0
007-5108-300,2
007-2057-100,2
20170427220809937,0
007-6830-400,4
20170418085728824,0
20170429214426841,0
20170407222835843,0
007-3023-100,1
007-6054-300,2
20170419101727293,0
007-2545-100,2
007-2489-100,1
007-4095-200,2
007-6698-400,4
20170429204130322,0
20170427212136322,0
20170619165220840,3
20170413134221729,0
007-4752-200,3
20170326100016067,0
007-6887-400,4
007-4023-200,2
007-1308-000,0
20170429221437363,0
20170430195742603,0
007-6950-400,4
20170628193929301,2
007-1531-000,0
007-5222-300,2
007-3786-200,2
20170208145310499,0
20170228230355356,0
20170430200924139,0
20170426091840642,0
20170406115000382,0
20170417152005279,0
007-4058-200,2
20170524161859109,2
20170429204325334,0
007-1939-100,1
20170414124909791,0
007-7887-601,2
007-5774-300,2
007-4946-300,2
20170418093854327,0
007-3008-100,1
20170525194410592,2
007-4044-200,2
007-0163-000,0
007-4110-200,2
20170521093200024,2
007-6602-400,4
007-2598-100,2
007-0892-000,0
20170401095345103,0
007-6737-400,4
007-0852-000,0
007-0625-000,0
007-6108-300,2
007-4239-200,2
007-1732-000,0
007-5310-300,2
007-0196-000,0
20170120141653805,0
20170112164139239,0
20170617210958623,2
20170415091834472,0
007-6405-400,4
007-6383-400,4
20170410095639511,0
007-4563-200,3
20170224142859643,0
20170327160904680,0
007-5610-300,2
007-4140-200,2
007-1078-000,0
20170427095046001,0
20170427184617699,0
007-5527-300,3
007-5645-300,2
007-6507-400,4
007-2484-100,2
007-5627-300,2
007-6279-300,2
007-7734-601,0
007-0968-000,0
007-3648-200,2
20170224110405729,0
007-1701-000,0
20170410144117670,0
007-1757-100,1
20170429204350949,0
007-4973-300,2
007-2222-100,2
20170518104749319,2
20170221143913822,0
007-3424-200,2
20170427181546260,0
007-7638-601,0
007-7868-601,0
007-4488-200,2
20170406101629941,0
20170522144205431,3
20170614092603290,2
20170418195909380,0
007-0659-000,0
20170411104853158,0
20170214163634982,0
007-5121-300,2
007-6122-300,2
20170407111820218,0
20170204133641758,0
007-3971-200,2
20170426133913159,0
007-4413-200,2
007-7056-400,4
20170609100254948,2
20170130102411299,0
20170627090102970,2
20170606095011086,2
007-3855-200,2
007-6704-400,4
007-4761-200,2
007-3309-200,2
007-5587-300,2
20170429230608129,0
20170330140118618,0
20170429203321665,0
20170516171812075,2
20170407111631420,0
20170430193736644,0
007-4232-200,2
007-4936-300,2
20170208082709520,0
007-1245-000,0
007-5827-300,2
20170601160747495,3
20170502091525413,2
20170515172948707,2
20170429203052748,0
007-0875-000,0
007-5562-300,2
20170429213426833,0
007-5074-300,2
007-3069-100,1
007-5144-300,2
20170408221658921,0
007-2417-100,1
007-7045-400,4
007-1489-000,0
007-5453-300,2
20170429094922803,0
20170611110836296,2
007-3107-100,0
007-1080-000,0
20170609170844868,2
007-5633-300,2
007-4977-300,2
20170429231417443,0
20170429214436637,0
007-3702-200,2
007-0546-000,0
007-4918-300,2
007-1995-100,0
007-3761-200,2
007-5106-300,2
007-3828-200,2
007-3824-200,2
20170328110649522,0
007-5644-300,2
20170611090108481,2
007-5501-300,2
007-6708-400,4
007-3031-100,2
20170429212120568,0
007-6133-300,2
007-3822-200,2
007-0654-000,0
007-4603-200,2
20170413170304399,0
007-0052-000,0
007-5579-300,2
007-1050-000,0
20170429203913742,0
20170329093012953,0
20170328091106960,0
20170511160523116,2
007-0333-000,0
007-2014-100,0
20170419095202863,0
007-5934-300,2
007-4905-300,2
20170605093750559,2
20170408220201964,0
007-0600-000,0
007-3877-200,2
20170430144951621,0
20170511141336893,2
20170517104347160,2
007-6297-400,4
007-1894-100,1
007-5961-300,2
007-3844-200,2
20170330152413194,0
007-4580-200,2
20170620193521303,2
007-4768-200,2
007-3985-200,2
007-3000-100,2
20170326091619636,0
007-1496-000,0
007-7208-400,4
007-4171-200,2
007-2663-100,2
007-0926-000,0
007-0085-000,0
007-2899-100,2
20170406084240827,0
20170427083332299,0
007-5129-300,2
007-3956-200,2
007-6795-400,4
007-3198-100,2
007-0437-000,0
20170323114856047,0
007-1303-000,0
20170408232616805,0
007-3858-200,2
20170124094352032,0
20170430193938725,0
007-6508-400,4
20170418101108314,0
20170223151907677,0
007-5355-300,2
20170227233017274,0
20170429211025317,0
20170430192746528,0
007-6853-400,4
007-3948-200,2
007-4181-200,2
007-0344-000,0
007-1318-000,0
007-3534-200,2
007-5358-300,2
007-8538-604,0
007-5701-300,2
007-7058-400,4
007-0084-000,0
007-1389-000,0
20170429221856724,0
007-4492-200,2
007-7216-400,4
20170214215704381,0
007-4495-200,2
007-4189-200,2
20170330080415884,0
20170224214241885,0
007-1306-000,0
007-3833-200,2
20170429222330975,0
20170429224801527,0
007-5492-300,2
20170217170607887,0
20170120222323750,0
20170117101121367,0
007-5105-300,2
007-0331-000,0
007-1779-100,1
007-6378-400,4
20170226093639051,0
20170221163719951,0
007-3974-200,2
20170605093311807,2
20170622080837404,2
007-3848-200,2
007-3706-200,2
20170524084048326,2
007-3920-200,2
20170429202830686,0
007-4251-200,2
20170224161522681,0
20170331083850808,0
007-6892-400,4
007-6154-300,2
20170210122254265,0
007-4789-300,2
007-5811-300,2
007-7156-400,4
007-0266-000,0
007-1989-100,2
20170309170855442,0
007-4056-200,2
007-1928-100,2
20170215171837145,0
007-6886-400,4
20170429224804529,0
007-0677-000,2
007-4150-200,2
007-7235-400,4
20170327140647856,0
007-1922-100,2
20170226093026001,0
007-2814-100,1
20170429221605827,0
007-4967-300,2
20170427185752535,0
007-0126-000,0
007-7189-400,4
007-7846-601,0
20170510152714920,2
20170407092845768,0
20170418084110118,0
20170328081827114,0
007-4982-300,2
007-4014-200,2
20170413095233566,0
20170427091208324,0
007-5799-300,2
20170413170211134,0
20170327094656820,0
007-6645-400,4
007-2432-100,1
007-5577-300,2
007-6784-400,4
007-0434-000,0
20170407215252293,0
20170429201715366,0
007-1418-000,0
20170429215416790,0
007-0088-000,0
20170427091903552,0
007-5340-300,2
007-1546-000,0
007-1508-000,0
007-1274-000,0
007-1032-000,0
007-0905-000,0
20170223114249989,0
20170327111056792,0
20170224104635011,0
20170406165104839,0
20170410143917185,0
20170214165745086,0
20170225202139479,0
007-3922-200,2
007-0985-000,0
20170417155706940,0
007-7163-400,4
20170210094615901,0
007-4467-200,2
20170417110130403,0
20170429224003353,0
20170331082621105,0
20170427190903185,0
20170429220215205,0
20170505143012060,2
20170612085727554,2
007-2446-100,2
007-5954-300,2
007-3158-100,1
007-5152-300,2
007-7010-400,4
007-5039-300,2
007-4897-300,3
20170429204133794,0
007-5481-300,3
007-1911-100,1
007-0887-000,0
20170430180013771,0
20170621194627771,2
007-1254-000,0
20170408223500289,0
007-0751-000,0
20170627170652393,3
20170429211825418,0
20170323085443873,0
007-2304-100,2
007-1574-000,0
007-6160-300,3
20170407221413759,0
007-3416-200,2
20170611090418050,2
007-3931-200,3
007-1940-100,2
20170324080703043,0
007-5929-300,2
20170430193354021,0
20170324103347095,0
007-1107-000,0
007-2946-100,2
007-3664-200,2
007-5794-300,2
20170409204413622,0
20170428104714009,0
20170519093847278,3
20170511181632501,2
20170430195838881,0
007-2371-100,1
007-5604-300,3
20170408220426215,0
20170429225450389,0
007-2046-100,2
20170418102650385,0
20170407112311119,0
007-4432-200,2
20170329102416314,0
20170424155646247,0
20170621165342675,2
007-0539-000,0
007-5997-300,2
007-6636-400,4
20170427112247861,0
20170429213129722,0
007-3627-200,2
20170224133411553,0
20170427084620045,0
20170427183630492,0
20170224114432990,0
007-0846-000,0
20170621091420028,2
20170414085648263,0
20170327103033609,0
007-2688-100,2
20170427184532387,0
20170411154233229,0
20170518104749112,2
007-0694-000,0
20170207174354556,0
20170616085018659,2
007-5878-300,2
20170607101208782,2
007-3254-100,1
20170216161251995,0
20170120223435679,0
007-1800-100,1
007-6008-300,2
007-2206-100,0
20170224110130817,0
007-2007-100,2
007-5348-300,2
007-3381-200,2
007-1996-100,2
007-7918-601,0
007-5401-300,2
20170208102039256,0
20170217110405216,0
007-1455-000,0
20170221145500161,0
007-6506-400,4
20170525090044498,2
007-1368-000,0
20170125160603162,0
20170324095302762,0
007-1399-000,2
20170323141155955,0
20170213091511155,0
20170327084500823,0
20170427093015731,0
20170618201103423,2
007-2921-100,2
007-6079-300,2
20170415102951687,0
007-6935-400,4
007-0583-000,0
20170608171332841,2
007-4487-200,2
007-6634-400,4
007-2676-100,2
20170518171420306,2
007-3571-200,2
007-0462-000,0
007-1337-000,0
20170331110249296,0
007-5657-300,2
007-2844-100,1
007-0406-000,0
20170208174752473,0
007-0740-000,0
20170224220303302,0
007-3492-200,2
007-1142-000,0
007-4043-200,2
007-1475-000,0
20170512114146575,2
007-3992-200,2
20170327103408202,0
007-4686-200,2
20170330085148201,0
007-2818-100,2
20170327105554324,0
007-3298-200,2
007-6902-400,4
20170225195614603,0
007-2482-100,1
007-6484-400,4
20170407104254352,0
007-3178-100,2
20170418095138435,0
20170130103043030,0
007-3477-200,2
20170429222648443,0
007-7546-601,2
007-2414-100,1
007-0316-000,0
007-6084-300,2
007-1331-000,0
20170417105537560,0
007-0352-000,0
007-2474-100,1
20170522091729801,2
007-5324-300,2
007-7210-400,4
007-4001-200,2
20170221162548131,0
20170407090312790,0
20170327164504431,0
007-0551-000,0
007-6851-400,4
007-6939-400,4
007-5182-300,2
20170322172556852,0
007-3499-200,2
007-4628-200,2
20170504192518164,2
007-4262-200,2
007-3034-100,1
007-3670-200,2
007-6963-400,4
20170224220206063,0
20170409201225894,0
007-3951-200,2
007-2984-100,2
20170327091023750,0
007-5251-300,2
20170227234710854,0
007-4526-200,2
20170427110231732,0
007-6777-400,4
007-0481-000,0
007-2910-100,2
007-6281-300,2
007-2567-100,1
20170326090501956,0
007-1461-000,0
007-7966-601,0
007-5450-300,2
20170407234957611,0
007-3807-200,2
007-3437-200,2
007-4170-200,2
20170328092752103,0
007-3420-200,2
007-2288-100,1
20170428085040906,0
007-4380-200,2
007-3805-200,2
20170427182217646,0
007-4769-200,2
007-5686-300,2
007-0683-000,0
20170323095139979,0
20170401090509347,0
007-4549-200,2
20170226214712650,0
007-2936-100,1
007-5846-300,2
007-0396-000,0
007-6943-400,4
20170426085051640,0
20170324103452611,0
007-1246-000,0
007-3709-200,2
20170612085716651,2
007-1503-000,0
20170426085050197,0
20170120223239992,0
20170428151436386,0
20170414160712626,0
20170418090922890,0
20170627105150563,2
007-0781-000,0
20170206143148611,0
20170324093109343,0
007-3322-200,4
20170406083853913,0
20170628084907615,2
007-3561-200,2
20170207083157459,0
20170412193325622,0
007-7008-400,4
007-2229-100,2
007-6140-300,2
20170405103411936,0
20161118155836727,0
007-5352-300,2
20170418112807013,0
007-6428-400,4
20170407110520058,0
20170609165224650,0
007-6416-400,4
007-4187-200,2
007-6589-400,4
007-5683-300,3
20170324093728577,0
20170429201712189,0
20170430200202781,0
20170613092147899,2
007-6635-400,4
007-8066-601,2
20170429220928943,0
007-2759-100,2
20170227233608448,0
007-1872-100,1
007-0618-000,0
007-2471-100,2
007-4218-200,2
20170408225037759,0
007-3769-200,2
20170516095250066,2
20170330083459373,0
20170328094732211,0
007-5980-300,2
20170529115523319,2
20170327140346704,0
20170427182104559,0
007-4684-200,2
007-6948-400,4
007-3446-200,2
20170509155418870,2
20170427185824716,0
20170419111558289,0
007-5130-300,2
007-2934-100,2
007-2266-100,2
20170223102219685,0
007-3199-100,2
20170427181940819,0
20170329094643301,0
007-0816-000,0
20170215101222348,0
20170424165808876,0
20170324082251139,0
20170410095006512,0
007-5947-300,2
20170216144507913,0
20170429200312000,0
20170428155758885,0
20170627160255711,2
20170524140638977,2
20170209090205265,0
007-4825-300,3
20170419101929972,0
007-3145-100,2
007-3924-200,2
20170406105743508,0
20170309170849648,0
20170427181707101,0
007-2978-100,2
20170427190354915,0
007-5027-300,2
007-0469-000,0
007-0075-000,0
20170417113720568,0
20170430175820317,0
007-6353-400,4
007-1053-000,0
007-1474-000,0
007-2849-100,2
007-1823-100,2
20170427091003738,0
20170415095711786,0
007-1492-000,0
20170429201922729,0
20170120220825392,0
007-1269-000,0
20170427182528282,0
20170424092158103,0
20170429222139268,0
20170614104010691,2
20170429223736176,0
007-3249-100,2
007-0175-000,0
20170427190630527,0
007-0212-000,0
20170206144636816,0
20170429230835610,0
007-7036-400,4
007-0764-000,0
007-4229-200,2
007-1397-000,0
007-3815-200,2
20170429223139158,0
20170524102406908,2
007-2900-100,2
007-0123-000,0
007-5885-300,3
007-2158-100,2
007-7206-400,4
007-5336-300,2
007-4841-300,2
20170210161908570,0
20170414145958537,0
20170419194510144,0
20170222103749602,0
007-3401-200,2
007-4606-200,2
007-6069-300,2
20170408232714912,0
20170428092328840,0
007-4349-200,2
007-0109-000,0
007-3773-200,2
007-6651-400,4
007-3313-200,2
20170608194346914,2
007-7185-400,4
007-0611-000,0
20170429223858612,0
20170429194722802,0
007-0432-000,0
007-1838-100,2
20170420170215777,0
007-7016-400,4
007-0718-000,0
007-6288-400,4
20170504235109239,2
20170205084153989,0
20170324091958147,0
20170612134821900,2
20170227165329946,0
007-2120-100,0
007-3662-200,2
007-6313-400,4
20170429214532498,0
20170411091427661,0
007-1288-000,0
20170428141212317,0
007-6924-400,4
20170427093625070,0
007-2347-100,1
20170429201134611,0
20170208081341593,0
007-6114-300,2
007-4069-200,2
007-0155-000,0
007-1506-000,0
007-4061-200,2
20170427184002642,0
20170608164802570,2
20170414165409939,0
007-7665-601,0
007-2681-100,1
20170429220026798,0
20170214101434814,0
007-5642-300,2
007-3976-200,2
007-1082-000,0
007-7856-601,2
20170206144251502,0
20170427190444812,0
20170630161546569,2
20170427112247921,0
007-3015-100,2
007-6925-400,4
007-2444-100,2
007-0199-000,0
20170429212840065,0
007-3259-100,1
007-2636-100,1
007-1414-000,0
20170227225758135,0
20170627170606195,2
007-5868-300,2
007-2700-100,1
20170227160449379,0
007-4003-200,2
20170120215509747,0
20170203102633319,0
20170429100819796,0
007-4858-300,2
007-4907-300,2
007-2166-100,2
007-3129-100,2
007-4779-200,2
007-5781-300,2
20170327082612907,0
007-3991-200,2
20170427190031631,0
007-6981-400,4
007-0820-000,1
20170227160405339,0
007-3831-200,2
007-4573-200,2
20170206083738307,0
20170430193517869,0
007-3283-200,2
20170216153556109,0
007-8168-601,0
20170413093237889,0
007-4159-200,2
007-4399-200,2
20170215092158761,0
20170420183706090,0
20170429221034215,0
007-4869-300,2
20170120223901509,0
007-0306-000,0
20170429203732754,0
007-2307-100,2
007-4818-300,2
007-4540-200,2
007-6519-400,4
007-1595-000,0
20170124131513083,0
20170212142057186,0
007-2058-100,2
20170502095651084,2
007-1218-000,0
20170413142900064,0
20170427112456757,0
20170427184431937,0
20170120221152091,0
20170410092802341,0
20170429210836701,0
007-4074-200,2
007-0721-000,0
20170120222811298,0
20170221161725190,0
20170407235647136,0
007-5163-300,2
20170408100832823,0
007-1007-000,0
007-2796-100,2
007-4785-300,2
007-4240-200,2
007-6523-400,4
007-3490-200,2
007-2891-100,1
007-7539-601,0
20170429232237638,0
007-0102-000,0
007-5444-300,3
007-2171-100,1
20170210121255956,0
007-2185-100,1
007-5440-300,2
007-7479-601,2
20170122153203237,0
007-4208-200,2
007-5331-300,2
007-4012-200,2
20170408212833502,0
20170323083429175,0
007-5547-300,2
007-2423-100,0
20170515172948684,2
007-1631-000,0
20170409200143081,0
007-4244-200,2
007-8079-601,2
007-3819-200,2
007-4303-200,2
20170412105557985,0
007-1231-000,0
20170616131320547,2
20170427085624123,0
007-4569-200,2
007-7161-400,4
007-2770-100,1
007-3910-200,2
20170208110426898,0
007-3785-200,2
20170328075745352,0
007-1944-100,0
007-3134-100,2
20170602084403248,2
20170429202931452,0
007-8463-604,0
20170429221344610,0
007-5225-300,2
007-3548-200,3
007-0529-000,0
20170613191713985,2
007-1284-000,0
007-6223-300,2
007-5248-300,2
007-3646-200,2
007-3495-200,2
007-5635-300,2
007-1294-000,0
007-6029-300,2
20170427185451261,0
007-5546-300,2
007-3524-200,2
007-1046-000,0
007-3002-100,2
20170427180330939,0
20170224160348217,0
007-1678-000,0
007-3325-200,2
007-5430-300,3
007-7764-601,2
007-4597-200,2
20170412113023076,0
007-7195-400,4
20170528174134309,2
007-6419-400,4
20170120142221885,0
007-4073-200,2
20170324085722015,0
007-5326-300,2
20170430145035418,0
20170417083154677,0
007-4365-200,2
007-2686-100,2
20170427191818134,0
007-0151-000,0
007-2906-100,1
007-3797-200,2
007-2262-100,1
007-0159-000,0
007-6322-400,4
007-2100-100,1
20170331093914206,0
007-1039-000,0
007-5012-300,2
007-3987-200,2
20170223114244398,0
007-6585-400,4
20170427190546865,0
007-2764-100,1
20170409200847372,0
007-0579-000,0
20170327091508081,0
007-3192-100,0
007-2197-100,0
20170226225400342,0
007-8421-603,0
007-0479-000,0
007-2467-100,2
20170408225336425,0
20170429213932252,0
20170224114612669,0
007-4301-200,2
007-3894-200,2
007-5944-300,2
20170323095042818,0
007-3724-200,2
20170324093304975,0
007-4737-200,2
007-6906-400,4
20170228222933504,0
20170331133833665,0
007-5396-300,2
007-1195-000,0
007-2216-100,1
20170323085657869,0
007-0757-000,0
20170207090726015,0
20170327140819667,0
20170408213629596,0
007-7119-400,4
20170523093258225,2
20170429222538933,0
007-0214-000,0
20170428163724513,0
007-5200-300,3
007-4625-200,2
20170327111335498,0
007-5134-300,2
007-1947-100,1
007-2303-100,1
007-1647-000,0
007-1171-000,0
20170425120323155,0
20170509092533246,2
007-0034-000,0
007-6675-400,4
007-5466-300,2
007-0861-000,0
007-3841-200,2
007-7191-400,4
007-4350-200,2
007-6150-300,2
20170512131430223,2
007-0666-000,0
20170522090404675,2
007-6516-400,4
007-0819-000,0
007-1943-100,1
20170430201106080,0
20170227233652168,0
007-0110-000,1
20170418090650754,0
007-4083-200,2
007-6592-400,4
007-1594-000,0
007-2443-100,1
007-0903-000,0
20170414165457615,0
20170524182902113,2
007-4743-200,2
007-2835-100,1
20170427191255984,0
007-3342-200,2
007-6552-400,4
20170226232923621,0
007-0310-000,0
007-5891-300,3
20170328150218576,0
007-3427-200,2
007-4340-200,2
007-0942-000,0
20170213091344555,0
20170429213938431,0
007-4089-200,2
007-1839-100,2
007-7150-400,4
007-5088-300,2
007-5911-300,2
007-3711-200,2
20170503093503991,2
007-1364-000,0
007-1924-100,1
007-4418-200,2
007-5422-300,2
007-6453-400,3
20170429201421870,0
20170407232456663,0
007-0200-000,0
007-1578-000,0
20170427183732057,0
20170407152221777,0
007-0446-000,0
007-2648-100,1
20170508162307395,2
007-0381-000,0
20170427201816341,0
007-3846-200,2
007-6375-400,4
007-2312-100,2
007-2330-100,2
20170227160255785,0
20170410151418655,0
20170408231748422,0
20170216155310097,0
20170622080815230,2
007-4027-200,2
007-1330-000,0
007-3252-100,2
007-0366-000,0
007-7581-601,4
007-7477-601,2
007-6993-400,4
20170223084434009,0
007-4919-300,2
20170328092058692,0
20170429203936488,0
20170330165025462,0
20170216173426942,0
007-5685-300,3
007-7046-400,4
20170429212716947,0
007-7162-400,4
007-0580-000,0
20170407215111570,0
20170517144601364,2
007-2282-100,1
007-5825-300,2
20170225195612147,0
20170521094743135,2
007-2292-100,1
007-3887-200,2
20170120223344679,0
007-2334-100,1
007-2575-100,1
20170408225242671,0
007-0890-000,0
20170518093625661,2
20170401171223455,0
007-0582-000,0
007-4877-300,2
20170430193324325,0
007-1352-000,0
007-6465-400,4
20170411091553591,0
007-0308-000,0
007-2195-100,0
007-0904-000,0
20170425160813458,0
20170221180722326,0
20170407235248562,0
20170209165155852,0
20170429204817399,0
007-4895-300,2
20170429215912489,0
20170427085829281,0
20170430155331241,0
007-6194-300,2
007-2966-100,0
20170418110028118,0
007-4838-300,2
007-5504-300,2
20170407202440908,0
20170329082649775,0
007-2193-100,0
007-5716-300,2
20170408211942531,0
20170224160614394,0
007-2176-100,0
007-0288-000,0
20170626101659610,2
007-4006-200,2
20170223171709606,0
007-2811-100,1
007-1987-100,2
007-4335-200,2
007-3665-200,2
20170517151003748,2
007-1309-000,2
007-3569-200,2
20170609100255400,2
007-4421-200,2
20170429201030556,0
20170226083551331,0
007-1705-000,0
20170427190452758,0
20170213091838826,0
20170429220626251,0
007-4414-200,2
007-0520-000,0
20170310100240678,0
20170430201144335,0
20170429212801878,0
007-4974-300,2
20170429201406937,0
20170522104819596,2
007-5485-300,2
20170407224656787,0
007-1753-100,2
007-0916-000,0
007-2711-100,1
007-4678-200,2
20170414080328423,0
007-1912-100,1
20170221161443950,0
20170428084312800,0
007-3842-200,2
007-7339-601,0
20170408212315242,0
20170324112314257,0
20170616112827825,2
007-1936-100,1
20170327104333816,0
007-3774-200,2
007-4896-300,3
007-2145-100,2
007-3440-200,2
007-5434-300,2
007-3967-200,2
20170221080927786,0
007-0949-000,0
20170414155522079,0
20170221135126278,0
007-3916-200,2
20170220083337455,0
007-1713-000,0
20170421092004599,0
20170301105426466,0
20170409211902734,0
007-0449-000,0
007-6965-400,4
007-2876-100,0
007-2031-100,2
20170405092854949,0
20170427203319632,0
20170420101418582,0
007-1621-000,0
007-2281-100,1
007-2159-100,0
007-1085-000,0
007-3613-200,2
007-6334-400,4
20170427093238699,0
007-6307-400,4
20170421081125405,0
20170203163421024,0
20170430200207432,0
20170518092605842,2
007-5368-300,2
20170407234358262,0
007-4929-300,2
007-2039-100,2
007-3149-100,2
007-5066-300,2
20170323162238925,0
007-1139-000,0
007-7108-400,4
20170517153223360,2
20170430144622359,0
007-6330-400,4
007-4559-200,2
20170612210504839,2
007-7002-400,4
007-2182-100,1
20170214145428338,0
007-0562-000,0
20170223090156273,0
20170428094324837,0
007-2847-100,2
007-0011-000,0
20170429200413084,0
007-1190-000,0
007-3223-100,0
20170213165754449,0
007-0269-000,0
007-1453-000,0
20170215134305589,0
007-5563-300,2
007-5691-300,2
20170427183816901,0
007-1762-100,1
007-1833-100,2
007-5901-300,2
007-2997-100,2
20170427190749126,0
20170420091642882,0
20170329143208143,0
007-1775-100,0
007-6180-300,2
007-2563-100,2
007-4623-200,2
007-2287-100,2
007-5409-300,2
007-3378-200,2
20170506090015091,2
007-0497-000,0
007-2316-100,2
007-1127-000,0
007-0032-000,0
20170331090247765,0
20170407091619377,0
007-5382-300,2
007-3907-200,2
20170629210118308,2
20170429214029038,0
20170429205302250,0
007-4775-200,2
007-0220-000,0
20170430191939023,0
20170627170604481,2
007-6385-400,4
20170428111539654,0
007-4538-200,2
20170415085333873,0
20170323110608547,0
007-4415-200,2
20170217172425743,0
007-3022-100,0
007-2285-100,2
20170429200729875,0
20170324082847204,0
20170512123426558,2
20170408232624414,0
20170427142918006,0
007-0361-000,0
20170626174943225,2
007-5882-300,2
20170224170411991,0
20170427221132202,0
007-0553-000,0
007-3064-100,1
20170228183053983,0
20170429213158465,0
20170222184100871,0
007-2245-100,2
007-1124-000,0
20170329101332040,0
007-5822-300,3
20170412195928065,0
20170517171357632,2
007-3775-200,2
007-2426-100,2
007-6741-400,4
20170225202734480,0
20170421092147452,0
20170331085939812,0
20170609171911261,2
007-4723-200,2
007-0873-000,0
007-4241-200,2
20170619081749834,2
007-1416-000,0
007-1034-000,0
20170408222413387,0
007-3996-200,2
20170531142132051,2
007-3938-200,2
20170326090056897,0
20170220143131426,0
007-6444-400,4
007-4291-200,2
007-7135-400,4
007-0881-000,0
007-4932-300,2
007-6833-400,4
007-7023-400,4
20170506085734414,2
007-2715-100,1
20170429214629036,0
20170429215822630,0
20170328101014928,0
007-2249-100,2
007-1472-000,0
20170429221907741,0
20170214220333553,0
007-2353-100,2
007-0783-000,0
20170120221809290,0
007-8151-601,0
007-1343-000,0
007-0799-000,0
007-6995-400,4
007-6363-400,4
007-5313-300,2
007-4173-200,2
20170410094712940,0
007-0790-000,0
20170329082547301,0
20170620113410955,2
007-5047-300,2
007-6441-400,4
007-2270-100,2
20170227171849861,0
007-2873-100,0
20170429221451374,0
20170425102143314,0
007-3425-200,2
20170120223623473,0
007-5469-300,2
007-1963-100,1
20170607175753557,2
007-2290-100,2
007-0872-000,0
007-0832-000,0
007-8349-602,0
007-2084-100,2
007-5050-300,2
20170627160330003,2
20170609175028376,2
007-1154-000,0
20170224144336769,0
007-6429-400,4
007-3260-100,1
007-3154-100,2
20170331100227894,0
20170413112758698,0
007-4334-200,2
20170405101009119,0
007-2652-100,2
20170329100341322,0
20170630162228394,2
007-0007-000,0
007-3695-200,2
20170425120021981,0
20170430160453470,0
007-7710-601,0
007-1654-000,0
20170430201303979,0
007-3005-100,2
20170125160605516,0
20170207174718209,0
20170629144625562,2
007-2962-100,1
007-5641-300,2
007-7114-400,4
007-1998-100,2
20170209151144184,0
20170429221739344,0
20170207175547016,0
007-0292-000,0
007-1045-000,0
007-2736-100,2
20170426092544619,0
007-3139-100,2
007-5168-300,2
007-6591-400,4
007-7352-601,2
20170428083858242,0
20170503093557128,2
007-1890-100,1
007-4648-200,2
20170428162049598,0
007-1942-100,1
007-3689-200,2
007-4509-200,2
20170214220640168,0
007-1616-000,0
20170330085440333,0
007-3297-200,2
007-0369-000,0
20170120220324635,0
007-6498-400,4
007-6491-400,4
20170413091535584,0
007-4516-200,2
20170221150643231,0
20170412112455588,0
007-2826-100,2
007-6841-400,4
007-0346-000,0
007-2788-100,1
20170124162501604,0
20170203081846675,0
007-5236-300,2
007-3228-100,2
20170215135010544,0
007-2148-100,0
007-6156-300,2
20170414125150432,0
20170429215004487,0
20170405131909802,0
007-4692-200,2
20170425090715281,0
007-4972-300,2
007-5380-300,2
20170616085515857,2
007-5359-300,2
007-6792-400,4
20170427184222629,0
20170329081513269,0
20170424100139799,0
20170429230701863,0
20170419100215883,0
007-4071-200,2
20170411141418009,0
20170428085841707,0
007-0575-000,0
20170429225712760,0
007-5848-300,2
20170408213047699,0
007-1283-000,0
20170429212713198,0
20170429201540436,0
20170323090417309,0
007-6797-400,4
20170327101756551,0
007-2650-100,1
20170427181456899,0
007-6856-400,4
007-3077-100,2
007-4284-200,2
20170326092329336,0
20170429193113659,0
007-4132-200,2
20170429205149942,0
007-1156-000,0
007-6699-400,4
007-7673-601,0
20170324082030082,0
20170421101201869,0
20170227170414359,0
007-5688-300,2
20170414160504857,0
007-4469-200,2
20170407105559618,0
007-4566-200,2
20170220085833145,0
007-3590-200,2
007-0919-000,0
007-3678-200,2
007-6793-400,4
20170430200519513,0
007-0995-000,0
007-6358-400,4
007-6606-400,4
007-5943-300,2
007-2396-100,1
007-0855-000,0
007-6599-400,4
007-5612-300,2
20170429213420850,0
007-5372-300,2
007-0228-000,2
007-5087-300,2
007-6994-400,4
007-1867-100,2
007-6723-400,4
007-2614-100,2
007-5003-300,2
20170612090043234,2
20170426091057515,0
20170430193633977,0
007-6457-400,4
20170430194228694,0
007-5777-300,2
007-5056-300,2
20170227232409916,0
007-5765-300,2
007-4165-200,2
007-4491-200,2
20170413133629909,0
20170428165536203,0
007-6185-300,2
007-2346-100,2
007-1585-000,0
20170429221743324,0
007-4476-200,2
007-5438-300,3
007-6280-300,2
20170429202200317,0
007-3371-200,3
007-6174-300,2
007-3941-200,2
007-5520-300,3
007-6293-400,4
007-5437-300,2
007-6487-400,2
007-6215-300,2
20170609092004226,2
20170222154713751,0
20170515164805618,2
007-1429-000,0
007-6074-300,3
007-6894-400,4
007-2916-100,2
007-2625-100,1
007-3021-100,0
20170330134444958,0
007-0840-000,0
20170328082103134,0
007-2734-100,1
007-2478-100,1
20170407130352565,0
007-3150-100,2
007-5369-300,2
20170120223140633,0
007-4878-300,2
007-1754-100,2
20170208110425349,0
20170629212453597,2
007-7041-400,4
007-3874-200,2
20170208152349420,0
20170601172733736,2
007-6932-400,4
007-2210-100,2
007-6172-300,2
007-7151-400,4
20170429204308140,0
20170428145842622,0
007-4137-200,2
20170427183912177,0
007-5728-300,2
007-5793-300,2
007-6070-300,2
007-5269-300,2
20170427203324770,0
20170519093607335,2
20170420093702627,0
20170227161011636,0
007-0983-000,0
20170419193829505,0
007-3568-200,2
20170429204056381,0
20170429231939390,0
20170327100623481,0
20170228165820951,0
007-0586-000,0
20170429205031598,0
007-6212-300,2
007-4512-200,2
20170527183435821,2
007-4915-300,2
20170511083029837,2
20170415102850257,0
007-4430-200,2
007-6661-400,4
20170328080648455,0
007-6685-400,4
007-3671-200,2
20170331083148951,0
20170425160958084,0
20170413101311265,0
007-0105-000,0
007-5623-300,2
007-2172-100,1
20170430193738751,0
007-2320-100,1
007-6734-400,4
007-3650-200,2
20170425095922164,0
007-4837-300,2
007-1339-000,0
007-5907-300,2
20170323095952352,0
20170426081022674,0
20170408224936063,0
007-2493-100,0
20170413134137928,0
007-6534-400,4
007-3959-200,2
007-0821-000,0
007-7202-400,4
007-2253-100,2
007-5004-300,2
007-5388-300,2
007-5809-300,2
20170323081211173,0
007-3955-200,4
20170509163628989,2
007-6848-400,4
007-0668-000,0
20170615112649677,2
20170429224200524,0
20170429204114041,0
20170427185406501,0
20170531093300130,2
20170331090025956,0
20170427181852115,0
007-8414-603,2
20170430195620250,0
20170408212538144,0
007-2162-100,0
007-1233-000,0
007-2339-100,2
007-3964-200,2
20170427220503449,0
20170323083645071,0
007-2968-100,0
007-6129-300,2
007-6234-300,2
007-5456-300,2
20170427220204351,0
007-1919-100,0
20170210163026981,0
007-6500-400,4
20170204145939405,0
007-6719-400,4
007-6326-400,4
20170207145129242,0
20170430194811993,0
007-4119-200,2
20170429200527102,0
007-4226-200,2
007-6973-400,4
007-3462-200,2
007-0672-000,0
20170425091743217,0
007-3677-200,2
20170120220018348,0
007-4985-300,2
007-0900-000,0
007-1773-100,2
007-5640-300,2
007-3180-100,1
20170405094437613,0
007-3225-100,1
20170327164504071,0
007-2872-100,0
20170429231407736,0
20170512230840743,2
007-6503-400,4
007-6125-300,2
007-2851-100,2
007-5639-300,2
20170420184435080,0
007-3658-200,2
007-1526-000,0
20170327104153766,0
007-6515-400,4
20170429203928436,0
20170408233232742,0
20170407203129547,0
007-1111-000,0
20170213134043415,0
007-2002-100,0
007-1064-000,0
007-2576-100,2
20170621145620516,2
007-3176-100,0
20170429215559883,0
007-2500-100,1
007-1510-000,1
007-1507-000,0
007-0822-000,0
20170429213724153,0
007-3883-200,2
20170407130346724,0
20170620191909590,2
007-2830-100,1
20170228223824318,0
007-5427-300,2
007-4238-200,3
20170424083904944,0
007-2564-100,2
007-6045-300,2
007-4440-200,2
007-4664-200,2
20170424095919157,0
20170407151537746,0
007-0823-000,0
20170410103559297,0
20170223174939566,0
007-6027-300,2
20161116105730357,0
20170429212640572,0
20170331101910013,0
007-5897-300,2
20170226100606428,0
007-5219-300,2
20170509163628483,2
007-6081-300,2
20170429220911457,0
20161110115946484,0
20170608194755725,2
007-3557-200,2
007-8549-604,0
007-0254-000,0
007-7024-400,4
007-1609-000,0
007-0256-000,0
20170609184225517,2
20170120222316281,0
20170524135826866,2
007-4382-200,3
20170130111412979,0
20170428095359962,0
20170605152611082,2
20170330081632470,0
007-3389-200,2
20170228230503037,0
007-8530-604,2
20170328084550454,0
007-0567-000,0
007-4888-300,2
20170511162520718,2
20170221162251875,0
20170425160957895,0
007-6236-300,2
20170627101205507,2
007-2502-100,2
007-4048-200,2
20170228230714236,0
007-2213-100,2
007-5889-300,2
007-5959-300,2
20170405094341357,0
007-0142-000,0
20170621163946605,2
007-7174-400,4
20170226090801123,0
007-3456-200,2
007-2004-100,2
20170324083515012,0
20170430195208274,0
007-3898-200,2
007-6426-400,4
007-5624-300,2
007-0395-000,0
007-3353-200,2
20170526162358967,2
007-5273-300,2
20170429195454588,0
007-2241-100,1
007-3291-200,2
007-5239-300,2
20170424161235601,0
007-1978-100,1
20170330153038937,0
007-1299-000,0
007-2842-100,1
20170126085942092,0
007-4179-200,2
20170406105457211,0
007-1681-000,0
20170430191007590,0
007-0264-000,0
007-1665-000,0
20170518174145634,2
007-4572-200,2
20170327134056100,0
20170517104426637,2
007-6436-400,4
20170612144725880,2
20170401143447280,0
007-6659-400,4
007-5850-300,2
20170224160241060,0
20170327111056730,0
20170429221140130,0
007-2558-100,2
20170427181343721,0
20170405133141232,0
007-7343-601,2
20170301132540149,0
007-5890-300,2
007-3703-200,2
007-6624-400,4
007-3336-200,2
007-0879-000,0
007-6621-400,4
007-0454-000,0
007-8207-601,0
20170429204455668,0
007-3354-200,2
007-7429-601,0
007-4724-200,2
007-0049-000,0
20170410100151239,0
20170429204556794,0
20170427214059716,0
20170222183133649,0
20170122100707540,0
007-8478-604,0
20170417105356987,0
007-7112-400,4
007-2954-100,2
007-6166-300,2
20170213134047799,0
007-3300-200,2
007-3156-100,2
007-6285-400,4
007-3892-200,3
20170413144614969,0
20170401091022844,0
20170629083334829,2
20170323103303961,0
007-6071-300,2
20170502103235986,3
007-2673-100,2
007-0324-000,0
007-1356-000,0
20170326105022553,0
007-1624-000,0
20170612162850921,2
007-5931-300,2
20170429230712355,0
007-3388-200,2
007-0605-000,0
007-3063-100,2
007-8764-605,2
007-3307-200,2
007-2940-100,2
007-2694-100,1
007-6715-400,4
007-2082-100,2
20170323093305605,0
007-2416-100,1
007-6683-400,4
20170324075348523,0
007-5877-300,2
20170223145726061,0
20170223174136215,0
20170120222003745,0
20170612163235784,2
007-5132-300,2
20170522105704981,2
007-6337-400,4
20170608105641292,3
20170328084549088,0
20170429203336949,0
007-8466-604,0
007-0536-000,0
20170421090155675,0
007-4496-200,2
007-1736-000,0
007-2773-100,2
007-2129-100,1
007-6812-400,4
20170417200522114,0
007-4361-200,2
007-3183-100,2
007-0692-000,0
007-5724-300,2
007-0646-000,0
007-2390-100,2
007-0543-000,0
20170326095729604,0
20170425080320682,0
007-5595-300,2
20170620003233436,2
20170407155047735,0
20170427085556378,0
007-1741-000,0
007-6161-300,2
20170328083212413,0
007-5654-300,2
20170120104225590,0
007-5413-300,2
007-1602-000,0
007-7324-601,0
007-0127-000,0
20170408215653565,0
20170427182911208,0
007-0421-000,0
20170429201530314,0
20170330085147771,0
20170123171031480,0
20170505143535911,2
007-1663-000,0
007-2505-100,1
007-0370-000,0
20170629112226249,2
20170429215146617,0
20170615110902621,2
20170213091344083,0
20170227233202405,0
007-2740-100,1
007-4746-200,2
20170328145703859,0
007-1834-100,2
20170329080834348,0
007-7482-601,0
20170225202000260,0
007-3181-100,1
007-1071-000,0
007-2318-100,2
20170323094832144,0
20170430143038226,0
007-1468-000,0
20170429202627416,0
007-5863-300,2
20170428155659202,0
007-5802-300,2
007-5819-300,2
20170224221735464,0
007-0390-000,0
007-7958-601,2
007-1267-000,0
007-2806-100,2
007-7403-601,2
007-3528-200,2
007-7322-601,0
007-2630-100,1
007-2670-100,1
007-0499-000,0
007-2170-100,1
20170417105754370,0
007-7712-601,0
007-0999-000,0
007-5893-300,2
007-3718-200,2
20170607075514595,2
007-4091-200,2
20170223094629433,0
007-3385-200,2
007-2088-100,2
20170412113239202,0
20170330220158270,0
007-1538-000,0
007-5309-300,2
20170501232735328,2
007-4917-300,2
007-7017-400,4
20170327160209161,0
007-6099-300,2
007-3593-200,2
20170429213320500,0
20170327161710463,0
007-0391-000,0
20170225202052377,0
20170323093944125,0
007-4306-200,2
20170427184931329,0
007-7970-601,0
007-5646-300,2
007-1140-000,0
007-5964-300,3
007-2569-100,0
007-1336-000,0
007-4527-200,2
007-7164-400,4
007-1001-000,0
007-0221-000,0
007-5051-300,2
20170324140135441,0
007-5398-300,2
007-6105-300,2
007-1824-100,1
20170608195154945,2
007-0806-000,0
007-4205-200,2
20170215165902262,0
007-3255-100,1
007-2604-100,2
20170422192440321,0
20170329140026539,0
007-4670-200,2
007-0918-000,0
007-3409-200,2
20170217134558267,0
20170429220728492,0
20170331101919123,0
20170429204203273,0
20170324093303394,0
20170429210214682,0
20170619085859977,2
007-2428-100,2
007-2024-100,2
20170429210512044,0
20170331152748847,0
007-1863-100,0
007-4604-200,2
20170629093404959,2
007-8005-601,2
007-2589-100,2
20170414102933090,0
007-1015-000,0
20170430202657958,0
20170414094845256,0
007-0035-000,0
007-4862-300,2
20170214220333097,0
20170525110328035,2
007-0025-000,0
007-6665-400,4
007-3857-200,2
20170609162100510,2
007-6823-400,4
20170424170732306,0
20170407212919172,0
20170328094305699,0
007-4081-200,2
007-0830-000,0
007-5632-300,2
20170524110421849,2
007-5178-300,2
20170429212530143,0
007-2140-100,0
20170621111314473,2
20170223151244647,0
007-6842-400,4
20170417111714533,0
007-0736-000,0
007-1223-000,0
007-3251-100,1
007-6627-400,4
20170217095932938,0
007-6711-400,4
007-5608-300,2
20170412135314676,0
007-3348-200,2
20170429214900908,0
007-1880-100,2
20170427085243758,0
007-2331-100,2
20170428091636786,0
007-0775-000,0
20170430201247723,0
20170411085120763,0
007-7128-400,4
20170216172422578,0
20170216181312400,0
20170429225833583,0
007-1706-000,0
007-5629-300,2
20170323083521729,0
007-0750-000,0
20170421090335674,0
007-1099-000,0
007-6250-300,2
20170611090344012,2
007-2985-100,1
20170408212545796,0
20170429220931403,0
007-5924-300,2
007-6562-400,4
20170427190101175,0
007-6403-400,4
20170429201707510,0
007-5433-300,2
007-0294-000,0
007-5080-300,2
20170330140920632,0
20170120142710630,0
007-5025-300,2
20170228225854236,0
007-4683-200,2
20170409201121783,0
20170124131319634,0
007-4507-200,2
007-3558-200,2
20170427192016911,0
007-5436-300,1
007-6404-400,4
007-6456-400,4
007-2707-100,1
20170427185641134,0
20170407223312682,0
007-4180-200,0
007-5303-300,2
007-4295-200,2
007-5097-300,2
007-4815-300,2
007-0070-000,0
007-6836-400,4
007-0862-000,0
007-6623-400,4
20170427180935648,0
20170330100132948,0
20170410143233144,0
007-3767-200,2
007-6964-400,4
20170629210946501,2
007-2181-100,2
007-1899-100,2
20170615114500999,1
20170323090622129,0
007-5829-300,2
20170408231646827,0
007-1214-000,0
20170429205941167,0
20170227160332039,0
007-7576-601,0
007-3155-100,2
007-4822-300,2
007-3692-200,2
007-0334-000,0
20170518102353294,2
007-4196-200,2
007-7212-400,4
007-3595-200,2
20170414094843781,0
20170429222236516,0
007-5356-300,2
20170223171323774,0
20170408215237876,0
20170424170726887,0
007-3461-200,2
20170617214243173,2
007-1523-000,0
20170417105530186,0
007-4163-200,2
007-0241-000,0
007-1217-000,0
20170211162406924,0
20170427183919381,0
20170424165653167,0
007-6764-400,4
20170331085316650,0
007-6295-400,4
20170408220806375,0
20170329083202294,0
007-5565-300,2
20170430150825153,0
007-2789-100,2
007-4953-300,2
007-1163-000,0
20170429204253651,0
007-7666-601,2
007-2394-100,1
007-2392-100,1
007-8566-604,0
007-0528-000,0
007-0393-000,0
20170215223736752,0
007-6725-400,4
007-0931-000,0
007-3554-200,2
20170408233827747,0
007-2272-100,2
007-2383-100,2
007-1614-000,0
007-0716-000,0
20170424154619507,0
20170505094752269,2
007-0633-000,0
007-1530-000,0
007-4424-200,2
007-8494-604,0
007-6608-400,4
20170408231835180,0
007-7111-400,4
007-2609-100,2
007-4735-200,2
20170609151913237,2
007-3444-200,2
007-1434-000,0
007-3981-200,2
20170122170705476,0
007-5665-300,2
007-8521-604,0
20170214135802377,0
007-0240-000,0
20170210095117593,0
007-4352-200,2
20170427190949954,0
007-4694-200,2
007-5191-300,2
007-1879-100,2
20170217091021120,0
20170614081004288,2
20170220140220670,0
20170408220055269,0
007-3617-200,2
20170622085448687,2
007-3273-100,1
20170622084616268,2
007-5808-300,2
20170429215534306,0
20170215165902746,0
20170424155002286,0
007-0257-000,0
007-6805-400,4
20170226215522575,0
007-5555-300,2
007-4297-200,2
007-6449-400,4
20170613191530891,2
20170426134105195,0
007-3504-200,2
20170429201123659,0
20170407151534840,0
007-4385-200,2
007-6880-400,4
20170615095849817,2
20170415082515006,0
20170327080743745,0
007-3616-200,2
20170427190114312,0
20170418100259938,0
007-4791-300,2
20170221135021002,0
007-1229-000,1
007-0994-000,0
007-3337-200,2
20170612134815390,2
007-5766-300,2
007-3963-200,2
20170429213305891,0
007-7960-601,0
007-4890-300,2
007-8281-602,0
20170429220312286,0
007-6539-400,4
007-5715-300,2
007-3927-200,2
20170429205854448,0
20170217171845073,0
20170222150401576,0
20170413085017776,0
20170328150218913,0
20170427180715306,0
007-5283-300,2
007-2093-100,1
20170427182048647,0
007-4586-200,2
007-1035-000,0
007-2132-100,2
007-6857-400,4
007-2727-100,2
007-3882-200,2
007-3016-100,2
20170607153633977,2
007-6849-400,4
20170120215044106,0
20170428140422781,0
20170428083309217,0
007-2116-100,0
20170408232520025,0
007-2389-100,1
007-7246-400,4
20170223152427638,0
20170405090519417,0
20170429202013692,0
20170405144855161,0
20170221143940428,0
20170419080503535,0
007-1583-000,0
007-1837-100,2
20170226090217982,0
20170616084703535,3
20170426075630806,0
007-1198-000,0
007-3080-100,2
007-0622-000,0
007-0280-000,0
20170226223314837,0
20170429200530941,0
007-0693-000,2
007-8477-604,0
20170223094427567,0
007-6364-400,4
20170429201751503,0
007-0699-000,2
20170614163110064,2
20170429204224555,0
007-4901-300,2
20170411141340843,0
20170417200625313,0
007-4142-200,2
20170408231134712,0
20170326104849119,0
20170411094654805,0
007-2511-100,2
20170408221828738,0
20170330152314231,0
007-1630-000,0
20170608192954869,2
007-3508-200,2
20170329093248613,0
007-0964-000,0
007-6962-400,4
007-1373-000,0
007-7026-400,4
007-4786-300,3
007-0022-000,0
007-4453-200,2
20170429223628767,0
007-3288-200,2
007-2853-100,2
007-0210-000,0
20170321102453454,0
007-2060-100,2
20170429204749544,0
20170228164822024,0
007-1061-000,0
007-2455-100,1
20170120220818563,0
20170412202452024,0
007-2897-100,2
007-1446-000,0
007-5714-300,2
20170430193459105,0
007-6861-400,4
007-0276-000,0
007-2725-100,1
007-1150-000,0
007-5718-300,2
007-4336-200,2
007-5581-300,2
007-3800-200,2
007-3431-200,2
007-7848-601,0
007-1522-000,0
20170418100819088,0
007-6329-400,4
007-5347-300,2
007-1550-000,0
20170324083212839,0
007-3365-200,2
20170327095114395,0
007-1664-000,0
20170430193646374,0
007-6332-400,4
007-3039-100,1
20170417092513951,0
007-5092-300,2
20170228155835992,0
007-3408-200,2
007-2094-100,1
007-2175-100,2
007-6088-300,2
007-3604-200,2
007-3575-200,2
007-5089-300,2
007-4799-300,2
20170503090306902,2
20170614093235797,2
007-1179-000,0
007-2076-100,2
20170430200239845,0
007-6631-400,4
007-1903-100,0
007-0943-000,0
20170227234625607,0
20170323092613317,0
007-1204-000,0
20170331085538677,0
007-6831-400,4
20170123091248070,0
20170606191332677,2
007-3630-200,2
007-3339-200,2
007-4885-300,3
20170626161028160,2
20170220091917601,0
20170428130132741,0
007-3189-100,1
20170220154504219,0
20170430191342076,0
20170430201006499,0
007-2588-100,1
20170327084037780,0
007-3449-200,2
20170506084444579,2
20170324091959765,0
007-6213-300,3
007-8560-604,0
20170413210926833,0
20170408212405284,0
007-3289-200,2
007-1672-000,0
20170329094455007,0
007-4894-300,2
007-2917-100,0
20170228000229136,0
20170330085956922,0
007-6276-300,3
007-1782-100,2
20170427184515148,0
007-3647-200,2
007-2541-100,2
20170406085447924,0
007-0164-000,0
20170411115150518,0
20170210165610120,0
007-2671-100,2
007-2520-100,1
007-1803-100,0
007-4168-200,2
007-4264-200,2
007-4138-200,2
007-6775-400,4
20170428100842515,0
20170524103038485,2
20170619085833727,2
20170602155135982,2
20170216142054406,0
007-0850-000,0
007-5922-300,2
007-7678-601,0
20170331085031265,0
007-1909-100,2
007-2660-100,2
007-2745-100,0
007-4257-200,2
007-6544-400,2
20170620001050014,2
007-2864-100,2
007-1634-000,0
007-5274-300,2
20170427183348596,0
20170323083645401,0
20170621172217764,2
20170331094615661,0
20170329143453583,0
20170222150740420,0
007-0585-000,0
20170613091436744,2
007-7253-400,4
20170630161316194,2
20170120091144477,0
20170427181248592,0
20170429221028450,0
20170208112205253,0
007-6714-400,4
007-7334-601,0
20170414104218750,0
007-1256-000,0
20170428110148596,0
20170427162327224,0
007-4304-200,2
20170430175930772,0
20170303142400838,0
007-3057-100,2
007-7126-400,4
007-0403-000,0
20170328094733654,0
007-1313-000,0
007-6613-400,4
20170323095325734,0
007-0122-000,0
007-3603-200,2
20170408221651429,0
20170429202619215,0
20170427103321931,0
20170327160654598,0
007-1970-100,1
20170417110643269,0
007-6138-300,2
20170210161551421,0
20170427185141662,0
007-4788-300,2
20170428091637167,0
20170408231843079,0
007-2534-100,2
007-2472-100,1
007-0494-000,0
20170429214734011,0
20170223171621953,0
20170428091343520,0
20170424092157761,0
20170123171027172,0
007-2895-100,2
007-6381-400,4
007-0026-000,0
20170430194158570,0
20170417113118784,0
007-5506-300,2
20170615172258125,2
20170427184959479,0
007-6692-400,4
20170328081828478,0
20170417174055760,0
007-4859-300,2
007-1742-000,0
20170323152656323,0
20170406115411229,0
20170209165039458,0
007-1512-000,0
20170427184255876,0
007-2092-100,1
20170407142759489,0
20170512113631251,2
20170609091816747,2
007-6649-400,4
007-2251-100,0
20170406100532629,0
007-2173-100,1
007-5379-300,2
20170429203743453,0
007-2565-100,2
20170525171854504,2
20170227170433644,0
007-1357-000,0
007-7257-400,4
20170427084914937,0
20170408212157888,0
007-5702-300,2
20170504094058352,2
007-1610-000,0
007-1862-100,2
007-2756-100,1
007-5242-300,2
20170213115541839,0
20170425083714320,0
007-4225-200,2
007-3422-200,2
007-4850-300,3
007-4482-200,2
20170408220315153,0
007-6716-400,4
007-6598-400,4
20170327093221196,0
20170227235709733,0
20170406165101998,0
20170418103222183,0
007-5157-300,2
007-0162-000,0
007-4613-200,2
007-2238-100,2
007-0045-000,2
20170223104628748,0
007-4787-300,2
007-7103-400,4
20170616200843840,2
20170511152728021,2
007-4364-200,2
007-1024-000,0
20170427185059367,0
007-5411-300,2
20170413144619040,0
007-0542-000,2
007-2956-100,2
20170414102629794,0
007-3693-200,2
007-0886-000,0
20170430191806200,0
20170412103625063,0
20170331093706264,0
007-0734-000,0
20170429195304774,0
20170207174505090,0
20170224114427255,0
007-5935-300,2
007-5872-300,2
20170323085108829,0
007-3044-100,1
007-6909-400,4
007-3033-100,1
20170221113000307,0
007-0679-000,0
007-6361-400,4
007-4456-200,2
007-2909-100,2
007-0938-000,0
20170410161938592,0
007-1033-000,0
007-0845-000,0
007-4578-200,2
20170214095358288,0
007-3817-200,2
20170327110707781,0
007-4910-300,2
007-3329-200,2
007-0631-000,0
007-6512-400,4
007-0612-000,0
20170428101346224,0
20170430200610488,0
007-7207-400,4
20170429205345622,0
20170527111710016,2
007-8525-604,0
20170227234712975,0
007-6771-400,4
007-1187-000,0
20170430195639622,0
007-6340-400,4
007-3794-200,2
007-5404-300,2
20170427182230164,0
007-5048-300,2
20170224211818306,0
007-2778-100,2
007-2411-100,0
007-4076-200,2
007-5421-300,2
20170427185225468,0
007-5573-300,3
20170326104849419,0
007-5720-300,2
007-5086-300,2
20170517100810954,2
007-0948-000,0
007-6047-300,2
20170531092103690,2
007-2410-100,1
20170206181758712,0
007-5999-300,3
007-1582-000,0
007-3511-200,2
007-2009-100,1
007-5291-300,2
007-0243-000,0
007-7772-601,2
20170424105339602,0
007-1200-000,0
20170418084818778,0
20170424161103442,0
007-6112-300,2
007-6023-300,2
007-0185-000,2
007-0878-000,0
007-7249-400,4
007-2980-100,2
007-4739-200,2
007-1338-000,0
007-6066-300,2
007-6951-400,4
20170130111337516,0
20170411084057965,0
007-3517-200,2
007-3864-200,2
007-6612-400,4
20170323085258738,0
007-2999-100,2
007-2992-100,2
20170228154045742,0
007-1540-000,0
007-1041-000,0
20170510083555432,2
20170329140824603,0
20170330110502359,0
20170421184417368,0
20170429231836717,0
007-0691-000,0
007-6834-400,4
007-0405-000,0
20170408222000348,0
20170408233240607,0
20170414165409474,0
20170401090207262,0
20170120221256735,0
007-0061-000,0
20170622170936068,2
007-5628-300,2
20170216144248597,0
20170429205604367,0
20170427091005352,0
007-0086-000,0
20170428090729968,0
20170429201425625,0
007-2125-100,2
20170209140451728,0
007-0667-000,0
20170608112844110,2
20170427190305966,0
007-5268-300,2
007-5476-300,2
007-2329-100,1
007-4433-200,4
007-1319-000,2
007-6177-300,2
20170620090332437,2
007-0632-000,0
007-4971-300,2
007-6251-300,2
007-4057-200,3
007-5010-300,2
20170428163235298,0
007-2431-100,2
007-3506-200,2
20170522172835446,2
20170324075158165,0
20170430141737870,0
007-6669-400,4
20170327103406775,0
007-1074-000,0
20170220085827869,0
007-2965-100,2
007-4162-200,2
007-3784-200,2
20170613153734776,2
007-3087-100,2
007-5899-300,2
20170224220101554,0
007-6224-300,2
20170206084735758,0
20170518193957507,2
007-4344-200,2
007-4809-300,2
007-4934-300,2
20170428163302235,0
20170228224255877,0
20170427185536194,0
007-6601-400,4
20170329082301186,0
007-6787-400,4
007-3962-200,2
007-1202-000,0
007-1913-100,1
20170329134945032,0
20170429201902088,0
007-0997-000,0
20170429202008481,0
007-2722-100,1
20170228164821696,0
007-0161-000,0
007-5771-300,2
007-2782-100,1
007-2379-100,2
20170130104819310,0
007-2240-100,1
20170429201916017,0
20170602105045854,2
007-6255-300,2
20170429231230211,0
20170430195026297,0
007-5446-300,2
20170614105711288,2
20170324150600534,0
007-5937-300,2
007-3641-200,2
20170418081730220,0
20170427190558112,0
007-0851-000,2
007-4874-300,2
20170122153156719,0
007-5417-300,2
007-3102-100,1
20170323131021773,0
007-3430-200,2
007-3399-200,2
007-5185-300,2
20161111214315830,0
20170424094836129,0
20170420141214839,0
20170120141652234,0
007-7232-400,4
20170120222010342,0
007-3933-200,2
20170330141200858,0
007-5431-300,2
20170415091132491,0
007-3830-200,2
007-2743-100,1
20170621094919972,2
007-2188-100,1
007-4676-200,2
20170429215311097,0
20170622192843551,2
007-0492-000,0
20170214213146045,0
007-4636-200,2
20170429201027628,0
007-3749-200,2
20170427215222651,0
20170430193607059,0
007-6306-400,4
007-5842-300,2
20170505100939670,2
007-5930-300,2
20170204133657911,0
20170208081344140,0
20170429211723221,0
007-0098-000,0
007-3596-200,2
007-0739-000,0
20170427190704516,0
20170428100326826,0
007-5136-300,2
007-5671-300,2
20170418135622755,0
20170616084113893,2
20170124131514062,0
20170210161909082,0
007-1568-000,0
007-0302-000,0
007-5750-300,2
20170428163137336,0
007-6979-400,4
20170429202417002,0
20170406084018093,0
20170429193229179,0
20170413151855798,0
20170405090751552,0
007-7238-400,4
007-0120-000,0
007-4092-200,2
20170329093248244,0
007-3220-100,2
20170227141046442,0
007-4616-200,2
20170524161955652,2
007-7167-400,4
20170502112002456,3
007-2278-100,2
007-3067-100,2
20170407185843662,0
20170227091840469,0
20170429225620953,0
20170516103917519,2
20170424084133515,0
20170228111228898,0
20170430195236495,0
007-1346-000,0
007-3111-100,2
20170413101305552,0
007-3656-200,2
20170411153854469,0
20170429210944628,0
20170209163151745,0
20170517093220898,2
20170430205410866,0
007-1853-100,2
20170625205527838,2
007-0645-000,0
007-7421-601,0
007-4498-200,2
007-0525-000,0
20170224221350415,0
20170327170916823,0
007-1731-000,0
20170405090748710,0
007-5023-300,2
007-3414-200,2
007-4853-300,2
007-1927-100,2
20170323093945725,0
007-6781-400,4
20170429220620536,0
007-5033-300,2
007-3250-100,1
20170427180950244,0
007-3159-100,2
007-4472-200,2
007-3518-200,3
20170613150734900,1
20170209092651396,0
20170622084151355,2
007-5264-300,2
007-0874-000,0
007-0779-000,0
20170323153825474,0
20170410100437235,0
007-1635-000,0
20170429214633358,0
007-1437-000,2
20170630161546674,2
20170430204716484,0
20170329081334925,0
007-3783-200,2
20170429205648335,0
007-6927-400,4
20170424164440599,0
007-1960-100,0
20170412102222060,0
007-2915-100,2
007-2275-100,1
007-1926-100,2
007-4777-200,2
20170327112844313,0
007-4213-200,2
20170511225831900,2
20170427101352821,0
007-1433-000,0
007-4479-200,2
20170411115553358,0
007-2200-100,2
007-6991-400,4
007-2042-100,2
007-2117-100,1
007-7171-400,4
20170329094415086,0
007-2160-100,2
007-6956-400,4
20170215102114029,0
007-2858-100,2
007-1044-000,0
20170203152256681,0
007-2453-100,2
007-2931-100,2
20170221162252402,0
20170615110200358,1
20170323084059923,0
20170425160737447,0
007-4904-300,2
007-5558-300,2
007-2231-100,1
007-0392-000,0
007-3637-200,2
007-4718-200,2
007-1767-100,2
007-5952-300,2
007-1968-100,0
20170628162819744,2
007-0477-000,0
007-4760-200,2
007-1718-000,0
007-4072-200,3
007-6678-400,4
007-3019-100,1
20170429221438480,0
20170427093433656,0
007-5360-300,2
007-6115-300,2
007-3412-200,2
20170208173110046,0
007-3896-200,2
007-3423-200,2
007-6799-400,4
007-1491-000,0
20170414113710416,0
007-1117-000,0
007-6000-300,3
007-1052-000,0
20170208160944271,0
007-7328-601,0
007-3716-200,2
20170206144825073,0
20170327084920414,0
20170428152609924,0
007-6432-400,4
007-4486-200,2
007-5387-300,2
20170323093705822,0
20170120215354919,0
20170220143453654,0
007-2183-100,0
20161108112019490,0
007-3860-200,2
007-1983-100,1
20170323083521396,0
20170303143347912,0
007-6650-400,4
20170401140956673,0
007-0255-000,0
007-6312-400,4
007-3602-200,2
007-7157-400,4
007-0082-000,0
20170226223624346,0
007-4090-200,2
20170429221635070,0
20170407111907898,0
007-4638-200,2
20170427215121885,0
007-5241-300,2
007-6101-300,2
20170227160550038,0
007-2223-100,0
20170428091136343,0
007-1072-000,0
20170429202615447,0
007-0877-000,0
20170226090215881,0
007-1613-000,0
20170429215119377,0
20170227231503064,0
007-0673-000,0
007-1849-100,0
20170515204056119,2
20170327173128689,0
20170321102820781,0
20170505155403883,2
007-2018-100,2
20170429222004396,0
007-3734-200,2
007-3740-200,2
007-3668-200,2
007-5705-300,2
20170224111214174,0
20170415095936462,0
007-1549-000,0
20170224093843606,0
20170329082947964,0
007-4770-200,2
007-3873-200,2
007-2179-100,2
007-7194-400,4
20170406094448477,0
007-3997-200,2
20170609172109111,2
20170429205522492,0
007-6192-300,2
20170410084554253,0
20170626162141277,2
007-1985-100,1
20170214144104651,0
20170426101502649,0
007-5614-300,2
007-0172-000,0
20170508101047342,2
007-3903-200,2
007-1066-000,0
007-4577-200,2
007-3268-100,0
007-7437-601,0
007-0191-000,0
007-2986-100,1
20170224153515947,0
20170224105714794,0
20170430193401074,0
007-3792-200,2
20170329100248874,0
20170415102837115,0
007-6571-400,4
20170224144631192,0
007-4870-300,2
007-5082-300,2
20170429205037522,0
007-2615-100,2
007-2380-100,1
007-6930-400,4
007-4374-200,2
007-4970-300,2
20170413122857041,0
20170607104408052,2
007-0752-000,0
20170215164933601,0
20170408222419919,0
007-5833-300,2
007-3624-200,2
007-5205-300,2
20170430200313610,0
007-4474-200,2
007-5171-300,2
007-2250-100,2
007-2875-100,0
007-1110-000,0
007-4947-300,2
20170329081514631,0
007-7172-400,4
007-5648-300,2
007-8089-601,2
20170209102519919,0
20170411115343714,0
20170331075147582,0
007-1493-000,0
20170324140209599,0
007-1334-000,0
20170430195345823,0
20170519163314722,2
007-2385-100,2
20170223113740160,0
20170424153355976,0
007-3902-200,2
007-3418-200,2
007-5320-300,2
007-0320-000,0
007-2582-100,2
20170226090329392,0
007-5177-300,2
20170204102600357,0
007-4599-200,2
20170210165827268,0
20170429223754603,0
007-2338-100,1
20170427180947234,0
20170219153910177,0
20170412135309189,0
007-1774-100,1
007-2476-100,1
007-6256-300,2
007-3014-100,2
007-0959-000,0
20170629153038341,2
007-7009-400,4
20170430193824742,0
007-3618-200,2
007-3128-100,1
007-5064-300,2
20170226205337984,0
20170616085516129,2
007-8752-605,0
007-5013-300,2
007-6921-400,4
007-2507-100,2
20170429221244887,0
20170429202556062,0
20170427190717761,0
007-5392-300,2
20170418135719380,0
007-3496-200,2
007-3349-200,2
007-2424-100,2
007-1146-000,0
20170502112049508,2
007-2187-100,1
20170407234553882,0
007-4084-200,2
20170417155554253,0
20170609092004574,2
007-0452-000,0
007-7122-400,4
007-4541-200,2
007-1425-000,1
007-5113-300,2
007-6541-400,4
007-5613-300,2
007-3059-100,1
007-5948-300,2
20170329140648564,0
007-3006-100,0
20170213143240672,0
007-4215-200,2
20170216161229969,0
007-2879-100,1
007-2224-100,2
20170222183325776,0
20170224104019642,0
007-3889-200,2
007-7040-400,4
20170429222316967,0
20170411094654395,0
007-6745-400,4
007-0177-000,0
20170429223446341,0
20170324095907957,0
20170209165032574,0
007-2957-100,2
007-4860-300,0
20170525091431970,2
007-2211-100,1
20170408095250565,0
007-4079-200,2
007-5135-300,2
007-3212-100,1
20170225203146467,0
20170616121547366,2
007-2131-100,0
20170223153124868,0
007-5229-300,2
007-5075-300,2
20170228170352472,0
007-5859-300,2
007-3818-200,2
20170216104204068,0
007-4795-300,2
20170424155727824,0
007-6677-400,4
20170512134214478,2
20170430145139479,0
007-6488-400,4
20170429213027948,0
007-2822-100,2
20170429220107485,0
20170407200146765,0
007-4313-200,2
20170429231316160,0
007-1125-000,0
20170223104830204,0
007-4236-200,2
20170327111955443,0
20170429224308450,0
007-1965-100,1
007-6754-400,4
20170327140819321,0
007-6409-400,4
007-1804-100,2
007-0526-000,0
007-6241-300,2
007-4997-300,2
20161112024337097,0
007-7055-400,4
007-6511-400,4
007-6773-400,4
007-5443-300,3
007-1935-100,0
007-4754-200,2
007-5127-300,2
007-3127-100,2
007-1502-000,0
20170429215218066,0
20170427182207124,0
20170408232418287,0
007-6286-400,4
007-1827-100,2
20170430191908651,0
20170225194228528,0
007-0277-000,0
20170429214714282,0
20170408090406755,0
20170427213832371,0
20170429225944443,0
007-4471-200,2
007-3891-200,2
007-8054-601,0
20170619081749422,2
007-4722-200,2
007-1830-100,2
20170221162325961,0
20170331093314461,0
007-1959-100,1
007-7662-601,2
20170429222208486,0
007-1790-100,1
007-2382-100,2
007-4184-200,3
20170331100347502,0
20170429203735241,0
20170408224038809,0
007-4716-200,2
007-7123-400,4
007-3975-200,2
007-6445-400,4
007-8495-604,0
20170605163201114,2
007-7401-601,0
007-3136-100,2
007-5531-300,2
20170504152806899,3
20170406100349832,0
007-2651-100,2
20170429220006463,0
20170429225400728,0
20170225144727431,0
007-1552-000,0
20170427204940840,0
20170430204352793,0
007-1814-100,2
007-2938-100,1
007-0661-000,0
007-4464-200,2
20170330082033255,0
007-7917-601,0
007-3222-100,0
007-4532-200,2
20170220174809874,0
20170412112930040,0
007-5468-300,2
20170526155433935,2
007-1347-000,0
007-5267-300,2
007-6494-400,4
20170221161327553,0
20170417091142435,0
20170418095658350,0
007-6966-400,4
007-6869-400,4
007-4369-200,2
007-1325-000,0
20170428090925638,0
007-4200-200,2
20170327114655583,0
007-3688-200,2
007-5037-300,2
007-1871-100,2
007-6425-400,4
20170323130911479,0
007-0827-000,0
20170217114222834,0
007-6111-300,2
007-0253-000,0
007-2886-100,0
007-2095-100,2
007-3233-100,2
20170510082538687,1
007-3982-200,2
20170429231752118,0
20170120220933551,0
20170609174510784,2
20170521091223320,2
007-4660-200,2
20170527154255479,2
007-3179-100,1
007-1262-000,0
20170204114728704,0
20170427085054752,0
007-3029-100,1
007-7530-601,0
20170430180153360,0
007-4445-200,2
20170209164220825,0
20170414150026627,0
007-5823-300,2
007-7197-400,4
007-5620-300,2
007-2022-100,1
20170602102648655,2
007-1907-100,2
20170210162313359,0
007-4605-200,2
007-0928-000,0
20170622080754772,2
20170225202651301,0
007-3947-200,2
20170224161918334,0
20170401085944143,0
20170606104244150,2
20170610090813812,1
20170526155744277,2
20170329082259803,0
007-2391-100,2
007-3531-200,2
20170401083336746,0
20170406153916741,0
007-3721-200,2
007-3879-200,2
20170418093622522,0
20170220152001953,0
20170413085729775,0
007-2746-100,2
007-6542-400,4
20170408233140422,0
007-4810-300,2
007-0319-000,0
007-4271-200,2
20170327091025156,0
20170326080809380,0
20170208175905779,0
20170222152106328,0
20170323162112796,0
007-2684-100,1
20170222152100234,0
007-5539-300,2
20170617215514839,2
007-3764-200,2
20170224104412534,0
007-1452-000,0
20170524092705845,2
20170223103956938,0
20170620091659658,2
007-1636-000,0
20170401170902477,0
007-7127-400,4
20170223090159890,0
007-0700-000,0
007-1494-000,0
007-2857-100,0
20170328101706536,0
007-4793-300,2
20170208173959320,0
007-0663-000,0
007-6594-400,4
20170430192421866,0
20170627200907950,2
20170321155038579,0
20170327111957345,0
007-7118-400,4
20170427204630233,0
20170515124124226,2
007-2366-100,1
007-0561-000,0
20170427184957561,0
007-0888-000,0
007-1298-000,0
007-5350-300,3
007-2136-100,0
20170627111252345,2
007-0839-000,0
007-2439-100,2
20170427181154064,0
007-4645-200,3
007-0207-000,0
007-2086-100,2
20170331091707695,0
20170429213720222,0
007-0259-000,0
20170207084345478,0
20170430194330581,0
007-0836-000,0
20170323093304023,0
007-5093-300,2
007-1450-000,0
20170410111317874,0
20170227234341354,0
20170424161221373,0
007-2831-100,1
20170227112324405,0
20170428153703871,0
007-7959-601,0
007-4055-200,2
20170429215326784,0
20170430195959787,0
007-0653-000,0
007-4680-200,2
20170223094629597,0
20170427190638723,0
20170324075346975,0
007-2190-100,0
20170209164913408,0
20170622165310591,2
007-4248-200,2
007-2259-100,1
007-3101-100,1
007-4372-200,2
007-5472-300,2
20170215101220829,0
007-4260-200,2
007-4166-200,2
007-3060-100,2
20170224213138718,0
20170609090537957,1
007-5960-300,2
20170430200108000,0
20170627095738172,2
20170429222807282,0
20170626102154406,2
007-4668-200,2
007-3674-200,2
20170228091047322,0
007-6127-300,2
007-4856-300,2
20170327102502414,0
007-1189-000,0
007-2400-100,1
20170430195215780,0
007-4458-200,2
007-0130-000,0
20170412152604310,0
007-6705-400,4
007-7222-400,4
007-4447-200,2
007-3872-200,2
20170503085747511,2
20170323141507129,0
007-6075-300,2
20170508105008458,2
007-6195-300,2
20170622140812130,2
20170427215012046,0
007-5198-300,2
007-6390-400,4
20170411103440592,0
20170405133620515,0
20170429232230433,0
20170220104608752,0
20170608091627445,2
20170223171757680,0
20170430191902376,0
20170412103150457,0
007-5151-300,2
20170417161513973,0
20170323095950738,0
20170328091708971,0
007-1967-100,1
20170502140919286,2
007-4632-200,2
007-7035-400,4
20170228231119005,0
007-7570-601,0
007-5332-300,2
20170421090240538,0
007-2225-100,0
007-5768-300,2
007-0321-000,0
20170327110400321,0
007-0602-000,0
007-5293-300,2
20170429205236551,0
20170226215154468,0
007-6424-400,4
20170426085448060,0
20170427100707736,0
007-1268-000,0
20170622165648529,2
007-2475-100,1
20170430142406984,0
20170210121352215,0
007-8859-605,4
20170614151122850,2
007-1818-100,2
007-0473-000,0
007-5123-300,2
007-7001-400,4
20170427203808158,0
007-3018-100,2
007-3854-200,2
007-0512-000,0
007-6769-400,4
20170408220207127,0
007-2685-100,1
20170418195527894,0
007-5730-300,2
20170323172134956,0
20170407235353003,0
20170419085416065,0
007-6493-400,4
20170130102740515,0
20170429224302682,0
007-2150-100,2
20170324080704607,0
20170414152453618,0
20170522100404106,2
20170413113351595,0
20170511170843008,2
20170418102648640,0
20170602085131467,2
007-2085-100,2
20170613195835309,2
20170122165722814,0
20170328105351300,0
20170323090117701,0
20170328150336549,0
20170427192201419,0
007-6344-400,4
007-5521-300,2
20170429212958244,0
007-2495-100,2
20161111214308683,0
007-4682-200,2
20170616195925713,2
007-2939-100,2
007-0209-000,0
20170510152714859,2
20170330165025106,0
20170328074511689,0
007-3614-200,2
007-1717-000,0
007-6086-300,2
20170428161950347,0
007-4519-200,4
007-6712-400,4
007-0638-000,0
007-6348-400,4
007-4695-200,2
007-2863-100,0
007-2279-100,2
007-0676-000,0
007-5983-300,2
20170429195038009,0
007-6199-300,2
007-0176-000,0
007-5032-300,2
007-3747-200,2
007-4310-200,2
20170510143620749,2
007-7620-601,0
007-2325-100,2
20170409201932991,0
007-0204-000,0
20170429211655176,0
007-5374-300,3
20170213143210304,0
007-2667-100,2
20170221103500961,0
007-4185-200,2
20170429200429997,0
007-1120-000,0
20170429220204962,0
20170609093702728,2
20170407235909043,0
007-2067-100,1
007-1843-100,1
20170427183304900,0
20170410110905034,0
007-6654-400,4
20170514222322175,3
007-1692-000,0
007-5109-300,2
20170408215701020,0
20170429200822003,0
007-0287-000,0
007-7203-400,4
007-1730-000,0
20170430193930489,0
007-5101-300,2
007-2840-100,1
20170427183143584,0
007-3523-200,2
007-3679-200,2
007-5029-300,2
007-3501-200,2
007-1588-000,0
007-8482-604,0
007-6137-300,2
20170214100028230,0
007-3654-200,2
20170606111430082,2
007-2597-100,2
007-5357-300,2
007-4182-200,2
20170323104718939,0
007-2654-100,2
007-3667-200,2
20170502000649856,2
007-7214-400,4
20170220151908590,0
007-5266-300,2
007-5249-300,2
007-7233-400,4
007-4259-200,2
007-4201-200,2
20170126115037434,0
007-2854-100,0
007-3290-200,2
20170215223447162,0
20170223145610568,0
20170524181209695,2
20170224160919206,0
20170227160255086,0
20170429224326292,0
007-2753-100,2
007-2244-100,0
20170208112205715,0
20170428163139682,0
007-5439-300,2
20170609164025211,2
007-0940-000,0
20170429214810104,0
20170405093026096,0
007-3405-200,2
20170512164458754,2
007-2703-100,1
007-4781-200,2
20170328150153573,0
007-3166-100,2
007-2232-100,1
007-3143-100,2
20170214212633095,0
007-7901-601,0
007-2979-100,2
007-1382-000,0
20170430191943009,0
20170223104830717,0
007-1386-000,0
007-4404-200,2
007-5513-300,2
20170415102951157,0
007-5277-300,4
007-0236-000,0
20170401085538289,0
20170429222936535,0
007-1137-000,0
007-1789-100,2
007-3391-200,2
007-5995-300,2
007-2286-100,1
007-2091-100,2
007-6688-400,4
007-4324-200,2
007-5371-300,2
007-6327-400,4
007-4593-200,2
007-7049-400,4
20170209143140243,0
007-5034-300,2
007-1979-100,2
007-4503-200,2
20170613165742699,2
007-0147-000,0
20170429215418505,0
20170120214751267,0
20170430195408430,0
20170525085857949,2
20170329091201472,0
007-2268-100,1
007-0224-000,0
20170609193904870,2
007-7020-400,4
20170418090054253,0
20170203152939118,0
007-0453-000,0
20170120221712491,0
20170620092120382,2
007-0624-000,0
007-5757-300,2
20170324084357218,0
007-4514-200,2
20170419092948833,0
007-6753-400,4
20170429222336805,0
20170627103155245,3
007-3809-200,2
007-6576-400,4
007-0695-000,0
007-6557-400,4
007-3328-200,2
007-2068-100,1
20170613164132693,2
007-5514-300,2
007-4064-200,2
20170429211930962,0
007-5871-300,2
20170430193855502,0
20170429231511129,0
007-2907-100,1
20170429211250159,0
007-3525-200,2
20170518102353782,2
20170407200152768,0
20170429221447384,0
20170408221820944,0
20170502140921479,2
007-1224-000,0
20170411114351412,0
007-5704-300,2
007-7376-601,0
007-0865-000,0
007-2139-100,2
20170430191205889,0
007-2695-100,1
20170430200643256,0
20170427181700229,0
20170120220644009,0
007-0476-000,0
20170324074015232,0
20170208175719177,0
007-0702-000,0
20170429221345193,0
007-2447-100,2
007-3917-200,2
007-4302-200,2
007-7051-400,2
20170427084313068,0
007-3587-200,2
007-6915-400,4
007-6947-400,4
20170415102345240,0
20170206105408182,0
007-0179-000,0
20170407221420858,0
007-7013-400,4
007-4299-200,2
007-3120-100,1
20170417131236428,0
007-6014-300,2
20170210163031148,0
007-5813-300,2
007-2037-100,2
20170428150052112,0
007-5839-300,2
20170405094018458,0
20170327140552407,0
007-5598-300,2
007-4714-200,2
007-7572-601,0
007-7536-601,2
007-6618-400,4
007-7248-400,4
007-4879-300,2
007-2420-100,0
20170323130758448,0
20170615104443473,2
007-5090-300,2
007-0089-000,0
20170120143315546,0
007-7763-601,4
20161115165015457,0
007-3323-200,2
007-6558-400,4
007-0455-000,0
007-7295-601,0
20170413085623125,0
20170527183427611,2
007-6350-400,4
20170627160210580,2
20170428163058180,0
007-2735-100,2
20170427184513391,0
007-7670-601,0
20170502084858430,2
20170330081019995,0
007-6004-300,2
20170429202459692,0
20170427205355164,0
007-7952-601,2
20170323140301229,0
007-3900-200,2
20170428093841007,0
20170413142542599,0
007-4921-300,2
20170501232833655,2
20170120220926752,0
007-0148-000,0
20170327111703450,0
20170429202959824,0
007-1516-000,0
20170412193714113,0
007-8056-601,0
007-5708-300,2
007-4517-200,2
007-4780-200,2
20170429213803424,0
007-4550-200,2
007-6040-300,2
007-6970-400,4
007-3211-100,2
20170429210737859,0
007-6283-300,2
007-2488-100,2
007-2118-100,2
20170120154406449,0
007-5782-300,2
20170331082357273,0
20170413102628830,0
20170429213508406,0
007-4949-300,2
007-4403-200,2
007-4956-300,2
20170613170119673,2
007-3284-200,2
20170629093129101,2
20170223174340183,0
007-6056-300,2
20170606164240191,2
007-4639-200,2
007-6206-300,2
007-2937-100,0
007-3153-100,2
20170429213410950,0
007-5518-300,2
007-1615-000,0
20170228223828672,0
20170224222142423,0
007-5946-300,2
20170227225506031,0
007-6814-400,4
20170408230124364,0
20170327111444452,0
007-4961-300,2
007-5202-300,2
007-5265-300,2
20170122170947733,0
007-3635-200,2
007-5028-300,2
007-4892-300,2
007-6670-400,4
007-8204-601,2
20170427182819247,0
007-6249-300,2
007-2063-100,0
20170331085540124,0
007-4195-200,2
20170427180436817,0
20170429213239042,0
20170126115215453,0
007-3380-200,2
20170429204823425,0
20170427180629519,0
007-3478-200,2
007-5287-300,2
20170429212028624,0
20170410161302089,0
007-5866-300,2
20170418135726222,0
007-1323-000,0
20170411204351632,0
007-3450-200,3
007-4272-200,2
20170225202554811,0
20170223084433668,0
20170429222055704,0
007-0541-000,0
20170606142725101,2
007-5119-300,2
20170418085337704,0
007-5589-300,2
007-7037-400,4
20170414094409562,0
007-0824-000,0
007-0617-000,0
007-1372-000,0
20170524090124948,2
007-5015-300,2
007-5594-300,2
007-1673-000,0
007-6526-400,4
20170424164446748,0
20170517153118932,2
20170504154837541,2
20170420093558005,0
007-5609-300,2
20170428152142921,0
007-5788-300,3
20170413133939478,0
007-0709-000,2
007-0158-000,0
007-0641-000,0
20170627112028245,2
007-3282-200,2
20170410142337982,0
007-2138-100,2
007-3932-200,0
20170220083332735,0
20170324140245887,0
20170331092347263,0
20170426090535337,0
007-6726-400,2
20170329084152423,0
007-2591-100,2
007-0650-000,0
007-1606-000,0
007-6709-400,4
007-4419-200,2
20170401085536898,0
007-7193-400,4
20170210165605591,0
20170225202048107,0
007-4531-200,2
007-1220-000,0
007-0167-000,0
007-8058-601,0
20170412110844402,0
20170324102541915,0
007-7134-400,4
20170428091724893,0
007-7330-601,0
007-5564-300,2
20170326094738452,0
007-4612-200,2
20170429202121717,0
007-6672-400,4
20170221182238646,0
20170406195436349,0
20170608152446688,2
007-7131-400,4
20170429223025303,0
20170429214758300,0
007-4454-200,2
20170428085829032,0
20170516095416106,2
20170503160817592,2
20170418093444173,0
20170214214827798,0
20170621140230477,2
007-2097-100,0
20170429203915028,0
007-3576-200,2
007-3062-100,1
007-2214-100,2
007-3406-200,2
007-3698-200,2
20170616083847518,2
20170617211409886,2
20170221135011349,0
20170608133136376,2
20170216090007274,0
007-6130-300,2
20170419111609070,0
007-7973-601,0
007-5204-300,2
007-4107-200,2
007-5873-300,2
007-7773-601,2
007-4826-300,2
20170405114257871,0
007-2535-100,2
007-4576-200,2
20170417113725383,0
007-7022-400,4
007-4317-200,2
20170222182549409,0
007-6173-300,2
007-5169-300,3
007-3540-200,2
20170430200842654,0
20170412141420309,0
007-2612-100,2
20170429212403085,0
007-0670-000,0
20170406082610162,0
007-1587-000,0
007-5812-300,2
007-1017-000,0
20170323085948932,0
007-0711-000,0
20170430200124423,0
007-5677-300,2
007-1400-000,0
007-8006-601,2
007-7224-400,4
007-6062-300,2
007-7910-601,0
007-1447-000,0
20170501235455424,2
20170615112624140,2
007-4331-200,2
20170430200153873,0
20170418093223862,0
20170430200410145,0
20170410100020530,0
20170324095301169,0
007-6463-400,4
007-5884-300,3
007-4656-200,2
20170609233207210,2
007-5616-300,2
20170427183057654,0
007-0133-000,0
20170228093712242,0
20170213094713612,0
007-6415-400,4
20170425160738226,0
007-2215-100,2
007-2011-100,1
007-1391-000,0
20170429200055021,0
20170617215208261,2
20170512113813694,2
20170506102441386,2
007-6518-400,4
20170610144321884,2
007-7209-400,4
20170427182754678,0
007-5532-300,2
007-2923-100,2
20170418135331460,0
20170330163249573,0
007-0051-000,0
007-0733-000,0
007-5483-300,3
20170615084024946,2
007-4944-300,2
007-2551-100,1
20170323095138379,0
007-4719-200,2
20170228103210905,0
007-4848-300,2
007-1836-100,2
20170427094235365,0
007-3756-200,2
007-5838-300,2
007-4490-200,2
007-4343-200,2
007-4151-200,2
007-6433-400,4
007-3699-200,2
20170316172851230,0
20170213154311956,0
007-1962-100,1
20170427182408954,0
007-7052-400,4
20170411115553873,0
007-7137-400,4
007-6183-300,2
007-2741-100,2
007-8408-603,2
007-3559-200,2
20170608212715972,2
20170228091152891,0
007-5351-300,2
20170215093524231,0
20170228222633906,0
007-0440-000,0
20170324101740531,0
007-0235-000,0
007-0107-000,0
20170213115425791,0
007-3013-100,2
007-5125-300,2
007-0621-000,0
20170329074911528,0
20170424165426827,0
20170418115345056,0
20170224160348398,0
20170429204451100,0
007-0397-000,0
20170502160448139,2
20170504165902335,2
007-5258-300,2
007-2726-100,1
007-4062-200,3
007-2610-100,2
20170429204936542,0
20170429202042607,0
20170407130852926,0
20170615112340349,2
20170524161955670,2
007-3752-200,3
007-3977-200,2
007-5110-300,2
007-6388-400,4
007-0978-000,0
20170521094903529,1
20170522172835243,2
007-3429-200,2
20170424165545637,0
007-2632-100,1
20170214163639877,0
007-5970-300,2
20170622084904371,2
007-2987-100,0
007-2608-100,0
007-2976-100,1
20170429231610484,0
20170222152355928,0
20170224212928266,0
20170406101723985,0
20170224181228718,0
20170222151846623,0
007-3463-200,2
007-4703-200,2
20170221090830670,0
007-3390-200,2
007-2401-100,1
007-5322-300,2
007-1116-000,0
007-0591-000,0
007-2704-100,1
007-2754-100,2
20170427184634488,0
20170429215844860,0
20170120222217788,0
007-1699-000,0
20170414104217595,0
20170328105401273,0
007-5384-300,2
007-1287-000,0
20170508101423579,2
20170429200936018,0
20170428163615176,0
20170228155835468,0
007-0367-000,0
20170412105204865,0
007-2408-100,2
007-4117-200,2
007-0619-000,0
20170324095529660,0
007-0849-000,2
20170210092155498,0
20170619102930911,2
20170228224637625,0
20170424154607265,0
20170327075633088,0
20170323092355323,0
007-3040-100,1
20170227155724235,0
007-4077-200,2
007-4373-200,2
007-2990-100,1
007-5756-300,2
007-5810-300,2
007-0239-000,0
007-4617-200,2
20170215094301549,0
20170622080837660,3
007-2529-100,0
20170411085448701,0
20170429223035962,0
20170621144139026,2
007-0797-000,0
20170429215557695,0
007-0532-000,0
20170429202553962,0
007-5300-300,2
007-5830-300,3
20170607153524517,2
007-1390-000,0
007-4298-200,2
007-1312-000,0
20170120220543899,0
20170609095102337,3
20170411141417294,0
007-6128-300,2
20170408223157942,0
007-0577-000,0
007-3485-200,2
007-2404-100,1
20170430200840082,0
007-0340-000,0
20170208175428715,0
007-2548-100,2
20170522172409179,2
007-6406-400,4
20170327160227390,0
007-2135-100,0
20170424161438636,0
007-2034-100,1
007-6652-400,4
20170429224052500,0
007-1009-000,0
007-2749-100,2
20170207144517107,0
007-3206-100,2
007-4975-300,3
007-6785-400,4
007-4548-200,2
007-0365-000,0
007-2074-100,1
007-3875-200,2
007-1471-000,0
007-3276-100,1
20170407231758743,0
007-5738-300,2
007-6713-400,4
007-6411-400,4
007-6807-400,4
007-6439-400,4
20170331095409627,0
007-1040-000,0
007-0380-000,0
007-7217-400,4
007-1161-000,0
007-2479-100,1
007-6437-400,4
007-0145-000,0
007-2537-100,2
007-5024-300,2
007-2310-100,2
007-4153-200,2
20170215164822467,0
007-6697-400,4
20170427085536070,0
007-8480-604,0
007-6282-300,2
20170430193300723,0
007-3705-200,3
20170429200552854,0
007-5500-300,2
007-5548-300,2
007-3398-200,2
20170224160317096,0
007-0953-000,0
007-3608-200,2
20170407092553829,0
20170220151908278,0
007-6846-400,4
007-5419-300,2
007-7168-400,4
007-0385-000,0
007-5722-300,2
007-6464-400,4
007-3973-200,2
20170609101204463,2
20170330141323901,0
20170222152227838,0
007-0118-000,0
007-4923-300,2
20170405090223906,0
007-5325-300,2
20170617210321383,2
007-0976-000,0
007-0723-000,0
007-0347-000,1
20170323101844209,0
007-4842-300,3
007-4333-200,2
007-4274-200,2
20170407092042980,0
007-3171-100,2
20170214084615083,0
007-5186-300,3
007-5817-300,2
007-6751-400,4
007-5853-300,2
20170429202326448,0
007-2008-100,2
007-7647-601,0
007-0507-000,0
007-3722-200,2
007-5992-300,2
007-5692-300,2
007-0311-000,0
20170605162315736,2
007-2376-100,1
20170429212807968,0
20170224160527519,0
20170419205027355,0
20170421184432772,0
007-7347-601,0
20170427180037322,0
007-2161-100,1
007-3343-200,2
007-7158-400,4
007-7668-601,0
007-6543-400,4
007-6952-400,4
007-1680-000,0
007-0036-000,0
20170430200525077,0
20170401090508954,0
007-7971-601,0
007-1991-100,2
20170613162156848,2
007-3075-100,1
20170407234758642,0
20170429202412060,0
20170408211509455,0
20170618221338793,2
007-8585-604,2
20170223152358857,0
20170120152817478,0
007-6938-400,4
20170521093537739,2
20170525091431523,2
20170502103242684,3
007-4293-200,2
007-2043-100,2
20170428104123770,0
007-7155-400,4
007-3986-200,2
007-0597-000,0
20170627104123555,2
007-7683-601,4
007-5490-300,2
20170506084941627,2
007-5451-300,3
20170327140449047,0
007-5224-300,2
20170430192944581,0
20170427185309607,0
20170227235755846,0
20170215165117445,0
20170224114811724,0
007-5292-300,2
20170323085109242,0
007-5344-300,2
20170424095916170,0
007-1100-000,0
007-0029-000,0
007-4665-200,2
20170429200623809,0
007-5569-300,2
007-6859-400,4
007-5694-300,2
20170629093110828,2
20170327100838638,0
20170429232122687,0
007-1354-000,0
007-5680-300,2
007-4121-200,2
20170419092947422,0
007-0250-000,0
20170429200148838,0
007-3475-200,2
007-6871-400,4
007-1642-000,0
007-4898-300,2
007-1293-000,0
007-4375-200,2
20170210145621125,0
007-3776-200,2
007-0615-000,0
007-3194-100,2
007-3778-200,2
007-5551-300,2
007-3104-100,1
007-0430-000,0
20170411141638796,0
007-2549-100,1
007-4422-200,2
20170216172253836,0
007-6782-400,4
007-5976-300,2
20170429215007174,0
20170124162351000,0
007-5100-300,2
007-7143-400,4
007-5298-300,2
007-3832-200,2
007-1896-100,1
20170329082818262,0
007-5903-300,2
007-8491-604,2
007-5803-300,2
007-0952-000,0
20170429204429841,0
007-3028-100,2
007-5220-300,2
007-5117-300,2
20170609152303463,1
20170429214434015,0
20170427214214917,0
20170204102928720,0
007-2580-100,2
20170609152615062,2
20170412202800866,0
20170620090217756,2
007-1725-000,0
007-1026-000,0
007-1756-100,1
20170429232335757,0
007-7919-601,2
007-5055-300,2
007-7129-400,4
007-7686-601,0
007-6258-300,2
20170221162521163,0
20170429210915900,0
007-1280-000,0
20170620102404697,2
20170528112436989,2
007-0555-000,2
007-6969-400,4
20170327111316876,0
007-1427-000,0
20170411114306114,0
007-4784-200,2
20170123102706012,0
20170430191250032,0
20170515161313257,2
20170122100711512,0
20170330111147398,0
20170427191615958,0
007-3714-200,3
007-4989-300,2
007-1454-000,0
007-2969-100,2
007-6912-400,4
007-2561-100,0
20170216090543323,0
007-0504-000,0
007-6022-300,2
007-6578-400,4
007-2884-100,1
007-6681-400,4
007-5449-300,0
20170430195148811,0
007-6006-300,2
007-5785-300,2
007-3690-200,2
007-6895-400,4
007-3802-200,2
007-0786-000,0
20170427191915623,0
20170429214952435,0
20170328091440431,0
007-4591-200,2
20170628104207743,2
20170323130834970,0
20170517093748842,2
20170430203940002,0
007-2230-100,2
007-2868-100,2
20170417100943292,0
007-8674-605,0
007-5285-300,2
007-2483-100,2
20161118173805155,0
20170331094327694,0
20170630161237018,2
007-0629-000,1
20170225203647881,0
007-4679-200,2
007-0330-000,0
007-1771-100,2
007-1497-000,0
20170224133421226,0
007-5172-300,3
007-7425-601,0
20170330152418842,0
007-6546-400,4
20170411141650393,0
20170228164856656,0
20170221150753870,0
20170424110302399,0
007-5510-300,2
007-2317-100,2
007-5231-300,2
20170417155614368,0
007-2299-100,2
20170614143124196,2
20170406110331629,0
007-0433-000,0
20170429202500711,0
20170417195632750,0
20170615110926051,2
007-3503-200,2
20170310100246469,0
007-0960-000,0
007-2184-100,2
007-5057-300,2
007-5831-300,2
007-5790-300,2
20170506154237008,2
20170518151053908,2
007-2418-100,2
007-0182-000,0
20170528182051276,2
007-1596-000,0
007-1221-000,0
007-4713-200,2
007-0927-000,0
20170418090254054,0
20170429224523474,0
007-4405-200,3
20170426082658136,0
007-0119-000,0
20170429220809156,0
20170427180440101,0
007-1902-100,1
007-0558-000,0
20170428110422324,0
007-0544-000,0
20170429215702685,0
20170504102303706,2
007-0187-000,0
007-5343-300,2
007-5792-300,2
20170206181741545,0
20170214095952970,0
007-3196-100,0
007-5582-300,2
007-2742-100,2
20170323085710268,0
007-2326-100,2
20170216092816210,0
007-0843-000,0
20170224161312677,0
20170224094234195,0
20170420093649895,0
007-2038-100,2
007-6803-400,4
007-4368-200,2
007-3821-200,2
20170323082300741,0
20170610095525712,2
007-1186-000,0
007-4778-200,2
007-0588-000,0
007-4186-200,2
20170413142536113,0
007-4275-200,3
007-3434-200,2
20170331092345763,0
20170323091220142,0
007-6461-400,4
007-6142-300,3
20170407101150084,0
007-0788-000,0
007-2438-100,2
007-0192-000,0
20170323172129117,0
20170628162852314,2
007-7043-400,4
20170413154250087,0
20170420091403331,0
007-3834-200,2
007-4300-200,2
007-7684-601,0
20170324084426937,0
20170405093750535,0
20170425084700515,0
20170410144559008,0
007-6035-300,2
007-6442-400,4
007-4556-200,2
20170411103305601,0
20170226233115447,0
007-5391-300,2
007-2217-100,0
007-1307-000,0
20170223095206485,0
20170424162204793,0
007-6336-400,4
007-1817-100,2
007-6356-400,4
20170408224136503,0
007-6733-400,2
007-0989-000,0
007-6011-300,3
20170221143914045,0
20170227160938767,0
007-0522-000,0
20170419162922607,0
007-8527-604,4
007-3071-100,2
007-3859-200,2
20170427183037301,0
007-0317-000,0
007-2349-100,1
007-2881-100,2
20170429223942395,0
20170418140747330,0
007-3555-200,2
007-3642-200,2
007-6667-400,4
20170429204919846,0
007-4933-300,2
20170217121538805,0
007-5462-300,2
007-2006-100,2
007-3995-200,2
007-6246-300,2
007-7259-400,4
007-2247-100,0
007-7236-400,4
007-7269-601,2
20170221104145522,0
007-7034-400,4
007-0977-000,0
007-1908-100,1
007-6466-400,4
20170411104827537,0
20170509081746415,2
20170429211437781,0
20170214101459522,0
007-3346-200,2
007-3360-200,3
20170429213524443,0
20170227100228221,0
20170327081937492,0
20170224110136437,0
007-0206-000,0
007-8653-605,2
007-5780-300,2
007-2036-100,2
007-7405-601,0
20170415094348285,0
007-5383-300,2
007-4773-200,2
20170209131348114,0
20170203162405927,0
20170213115649031,0
20170329094456105,0
20170204102844342,0
007-7719-601,0
20170123103609648,0
007-1563-000,0
007-7292-601,0
20170207141715071,0
20170421162345163,0
007-1166-000,0
20170411085449115,0
007-3607-200,2
007-5926-300,3
007-1098-000,0
007-4321-200,2
007-7176-400,4
20170518112220847,2
007-1237-000,0
007-0428-000,0
007-7847-601,0
20170327140346524,0
007-0782-000,0
20170409201115333,0
007-5046-300,4
007-3739-200,2
007-6227-300,2
007-0471-000,0
20170522165643535,2
007-6761-400,4
007-4903-300,3
20170208173707692,0
20170210121955624,0
007-7179-400,4
007-2422-100,2
007-0216-000,0
007-5828-300,2
007-3400-200,2
20170609091134141,2
007-6566-400,4
007-2019-100,2
20170405132019920,0
007-6025-300,2
007-2633-100,1
007-4588-200,2
007-4626-200,2
20170511224838938,2
007-4039-200,2
007-2970-100,2
007-6248-300,2
20170408212150263,0
007-3122-100,4
007-3803-200,2
20170628180023623,2
007-4209-200,2
007-2543-100,1
20170410133949207,0
007-5528-300,3
007-2035-100,2
20170429213152276,0
20170224160057504,0
007-3615-200,2
20170616173230875,2
007-0282-000,0
20170429213734106,0
007-2032-100,1
007-2289-100,3
20170429202829877,0
20170330095751105,0
20170412110630281,0
20170505143145689,2
20170429193522820,0
007-6410-400,3
007-5968-300,2
007-4767-200,2
007-4235-200,2
007-3793-200,2
20170130102847216,0
20170430195631296,0
20170407222739811,0
20170214215942024,0
20170329162304252,0
20170429202359507,0
20170620192247605,2
007-0457-000,0
007-4416-200,2
007-8424-603,2
20170220135216094,0
007-7911-601,2
20170326104842424,0
20170301105432489,0
20170223171302321,0
20170323093707381,0
20170429225458235,0
20170328145803149,0
007-2311-100,2
007-2012-100,1
007-2771-100,1
20170428091343897,0
007-0805-000,0
007-2355-100,2
20170429215936481,0
007-3175-100,2
20170213170649949,0
20170630113238842,2
20170428141950613,0
007-7187-400,4
007-0958-000,0
007-5603-300,3
20170510144009153,2
007-4063-200,2
007-1037-000,0
007-0984-000,0
20170214144744712,0
20170427182823636,0
20170429210316571,0
20170327103629372,0
007-7263-400,4
20170327103857079,0
007-1415-000,0
007-1729-000,0
007-0315-000,0
007-4320-200,2
007-3621-200,2
20170609184126256,2
007-4377-200,2
007-1067-000,0
20170412091847743,0
20170223084259166,0
20170429213623095,0
20170303142359965,0
20170221200136293,0
20170429214851803,0
007-4378-200,2
007-4596-200,2
007-1359-000,0
007-2363-100,1
20170428162159300,0
20170408225801210,0
20170226215047840,0
20170428092059349,0
007-1553-000,0
20170330111144486,0
20170226093451361,0
007-3295-200,2
20170329083553293,0
20170429204601078,0
007-3806-200,2
007-3766-200,2
20170616112827989,3
007-4672-200,2
007-4875-300,2
007-3579-200,3
007-3886-200,2
20170317221207437,0
20170104113156987,0
007-2533-100,1
20170429204914816,0
20170215154527743,0
007-4653-200,2
007-3606-200,2
20170430201016828,0
20170413133417921,0
007-1933-100,1
007-4019-200,2
20170324091539449,0
007-2643-100,2
007-4687-200,2
007-5288-300,2
20170414152313848,0
007-7153-400,4
007-0640-000,0
007-1875-100,1
007-1467-000,0
007-5192-300,2
007-6510-400,4
007-4621-200,2
007-7521-601,0
007-4772-200,2
007-3083-100,1
20170508102507631,2
007-1921-100,2
007-6671-400,4
007-3725-200,2
20170429210806155,0
20170206105845309,0
007-1021-000,0
20170412174014430,0
007-3247-100,2
007-6144-300,2
007-0576-000,0
007-3536-200,2
20170525152628421,2
007-1172-000,0
007-3272-100,1
20170420144942571,0
20170613144410261,2
20170417154540760,0
20170411141527445,0
20170328094456638,0
20170426101559169,0
20170428114525641,0
007-5568-300,2
20170216104121507,0
007-3930-200,2
20170429214916462,0
20170611090521276,2
007-1177-000,0
007-5552-300,2
007-0301-000,0
007-5951-300,2
007-0484-000,0
007-5457-300,3
007-4836-300,2
20170226231939446,0
20170421132955972,0
20170222150401839,0
007-6707-400,4
007-3945-200,3
007-6245-300,2
007-4426-200,2
20170626174854486,3
20170323083610592,0
20170508101232838,2
20170424170615518,0
007-5154-300,2
007-3969-200,2
007-1355-000,2
20170417161433082,0
20170613152423477,2
007-5030-300,2
007-0601-000,0
007-7554-601,2
20170414165313546,0
007-3081-100,1
007-6622-400,4
007-1521-000,0
20170323082302357,0
20170410161452132,0
007-6779-400,4
20170429205402321,0
20170408225441604,0
007-2993-100,2
007-5174-300,2
20170523093010553,2
007-1073-000,0
20170510100244835,2
007-6960-400,2
007-4941-300,2
007-0467-000,0
20170411141341504,0
007-4500-200,2
007-7028-400,4
20170227234548662,0
20170429200133422,0
20170407230606423,0
007-3442-200,2
007-1029-000,0
007-1422-000,0
20170430193507438,0
007-2781-100,1
20170429212956304,0
007-2883-100,1
20170226225945858,0
20170408222307196,0
007-2375-100,1
007-3258-100,2
007-6423-400,4
20170621084106703,2
20170323084101501,0
007-0261-000,0
007-8389-603,2
007-6049-300,2
007-0055-000,0
007-7497-601,0
007-4882-300,2
20170427181757954,0
007-4360-200,2
007-4478-200,2
20170612090644805,2
20170607170331573,2
007-5447-300,2
20170126085931436,0
20170430160557030,0
20170123100425137,0
007-2553-100,1
007-5653-300,2
007-4642-200,2
007-7962-601,2
007-5183-300,2
007-2620-100,2
20170204114217726,0
007-4920-300,2
20170521095107589,2
007-2322-100,1
20170430195129254,0
007-0833-000,0
20170614092927284,2
20170215142210754,0
007-4542-200,2
20170412113333910,0
20170518171334338,2
007-5726-300,2
007-0590-000,0
20170328081015016,0
007-2501-100,1
007-0974-000,0
007-5246-300,2
007-1873-100,2
20170502085446271,2
007-7033-400,4
007-3787-200,2
007-2955-100,2
20170226231949313,0
007-7751-601,2
20170522165315963,2
007-6012-300,2
20170328142532871,0
20170429220419535,0
20170327161538508,0
007-6244-300,3
007-6570-400,4
20170223145414095,0
007-0242-000,0
20170227234108022,0
007-2194-100,0
007-1723-000,3
007-6749-400,4
20170421184607886,0
20170228170116464,0
007-5233-300,2
007-5895-300,3
20170209093014771,0
20170519153500194,1
20170224160919351,0
007-0486-000,0
20170518112134637,2
007-3544-200,2
20170618112704744,2
007-1505-000,2
007-0404-000,0
007-2845-100,1
007-1249-000,0
007-6813-400,4
20170522113746982,2
007-5969-300,2
20170420184512149,0
007-4925-300,2
007-3147-100,2
20170330223645351,0
007-3876-200,2
20170429210712137,0
007-1586-000,0
20170429210630507,0
007-7428-601,0
20170413094421610,0
007-7496-601,2
007-7708-601,0
20170331082123432,0
007-5851-300,2
20170412085423431,0
007-4118-200,2
007-0860-000,0
20170226220519495,0
20170427092253018,0
20170327132738501,0
007-4101-200,2
007-7639-601,0
20170428162227966,0
20170420184017969,0
20170410093233575,0
007-1431-000,0
20170226092924204,0
007-6032-300,2
20170413101424496,0
007-5861-300,2
20170609152450896,2
20170328145739032,0
20170428084252566,0
007-0351-000,0
20170222154134083,0
20170307170241946,0
007-5333-300,2
20170211162412879,0
007-1409-000,0
007-2877-100,1
20170429231659042,0
20170429212213827,0
20170208133101841,0
007-1145-000,0
20170226221006886,0
20170222101042823,0
20170424170506066,0
007-2889-100,1
20170324084838993,0
007-0493-000,0
007-6655-400,4
20170522152308494,2
20170427084743829,0
007-2398-100,2
20170209090114947,0
20170429195518291,0
007-5207-300,3
20170408225905445,0
007-1710-000,0
007-6304-400,4
20170606164136295,3
20170418083045225,0
20170504152654027,2
007-5308-300,2
007-7671-601,0
007-5442-300,2
007-2530-100,2
20170429215113781,0
20170508100750271,2
007-2816-100,2
007-0132-000,0
20170424154526349,0
007-3610-200,2
20170417141027729,0
007-4206-200,2
20170517172217788,2
20170430200921962,0
007-1643-000,0
007-2792-100,2
007-5712-300,2
20170630161237123,2
007-2257-100,1
007-0777-000,0
007-0616-000,0
20170228000231666,0
20170223152359346,0
007-4016-200,2
20170323101411151,0
007-7427-601,0
20170430195329598,0
20170427184257681,0
20170417105357066,0
007-1266-000,0
007-8736-605,2
007-1328-000,0
20170427184904962,0
007-0732-000,0
20170429220923270,0
007-4216-200,3
007-5237-300,2
20170427213821105,0
20170418144948571,0
20170207175704473,0
007-5314-300,2
20170430200453150,0
007-4473-200,2
20170408233133830,0
007-4314-200,2
007-4729-200,2
007-4995-300,2
007-5847-300,2
007-4813-300,2
20170508162614605,2
007-3224-100,2
20170418135348596,0
20161118155730990,0
007-4806-300,2
007-5672-300,2
007-1083-000,0
20170514222317943,4
007-3187-100,2
007-3780-200,2
20170215091933132,0
20170427180531249,0
007-4802-300,2
007-1403-000,0
007-1010-000,0
20170429205857382,0
007-1440-000,0
007-1442-000,0
20170401084753588,0
007-4808-300,2
007-3483-200,2
20170410092030015,0
007-2323-100,1
007-4834-300,2
20170209131335802,0
007-6231-300,2
20170408232708638,0
007-3950-200,2
007-6545-400,4
20170208143852512,0
20170329093954690,0
20170226222920772,0
007-6296-400,4
007-6774-400,4
20170626162707595,2
007-3619-200,2
20170427213348520,0
20170412110006298,0
20170418084529440,0
20170226093353681,0
20170430202143461,0
007-7007-400,4
007-3243-100,2
007-0803-000,0
007-0461-000,0
007-4305-200,2
20170209131615238,0
007-0100-000,0
20170331082622590,0
20170228113922441,0
007-4881-300,2
20170521005649670,0
007-4831-300,3
007-0569-000,0
007-1042-000,0
20170407232006137,0
20170427181444211,0
20170419194515791,0
20170607104433180,2
007-2003-100,1
007-0652-000,0
007-7159-400,4
20170323083030916,0
007-0643-000,0
007-5962-300,2
20170327075318134,0
007-2451-100,1
20170614104010267,2
20170408213637046,0
007-0690-000,0
20170502085516832,2
20170511152606497,2
007-2581-100,1
20170501234659104,2
007-7423-601,0
007-0354-000,2
007-3201-100,1
007-3242-100,1
007-2776-100,1
007-1000-000,0
007-7768-601,2
007-5953-300,2
20170120090947696,0
007-1263-000,0
20170212142108296,0
20170323094334954,0
20170524182956093,2
20170521102316532,2
007-5770-300,2
20170418135117697,0
007-4745-200,2
007-0587-000,0
007-6469-400,4
007-0991-000,0
007-5094-300,2
007-4618-200,0
20170504101207303,1
007-3232-100,2
20170411084048148,0
007-3551-200,2
20170208152302138,0
20170411141810989,0
007-1201-000,0
20170427190058518,0
007-5060-300,2
007-5989-300,2
007-7261-400,4
20170430195507023,0
007-3218-100,0
007-7363-601,0
20170420183711592,0
007-4782-200,2
007-5297-300,2
007-1305-000,2
20170427103116617,0
20170410100435784,0
20170227165345933,0
20170215164948886,0
007-1253-000,0
20170429230304964,0
007-6629-400,4
007-0413-000,0
20170204102843943,0
20170427182751050,0
007-5260-300,2
20170428093229395,0
20170429204121421,0
20170329141311752,0
20170527082211125,2
20170428153658816,0
007-5967-300,2
007-7294-601,0
20170609091529362,2
20170406153924478,0
007-4937-300,2
20170430195329560,0
007-2712-100,1
007-1915-100,2
007-3742-200,2
20170512114815356,2
007-4250-200,3
007-4346-200,2
20170215171853670,0
007-0712-000,0
20170210162323933,0
20170505113156680,2
007-6551-400,4
007-2265-100,0
20170627155753585,2
007-5098-300,2
20170427190458560,0
007-2823-100,1
20170427185055804,0
20170221180754809,0
007-4459-200,2
007-7173-400,4
007-8609-605,2
20170428161952960,0
007-2817-100,2
20170629163508466,2
007-1565-000,0
007-1821-100,2
007-1222-000,0
20170618221557104,2
007-5271-300,2
20170206144408086,0
007-2834-100,1
20170407222940908,0
007-5928-300,2
20170506090019590,2
20170429204229692,0
20170224150454270,0
007-4191-200,0
20170428091726420,0
20170208101857665,0
20170328145702906,0
007-5869-300,2
007-4608-200,2
20170411113157251,0
20170425101658120,0
007-1842-100,2
007-0444-000,0
007-1878-100,2
007-6638-400,4
007-6680-400,4
20170326100838085,0
007-0143-000,0
007-3530-200,2
007-1261-000,0
20170217164410800,0
20170424161706436,0
20170526162553477,2
20170327112220088,0
20170427185345520,0
007-0584-000,0
20170223115256398,0
20170620091659974,2
20170430195342147,0
20170209134010911,0
007-3415-200,2
20170407234350948,0
007-1282-000,0
20170326082221994,0
20170418105328458,0
20170427180712510,0
20170420184350190,0
20170206175846786,0
20170508080706321,2
007-2747-100,2
20170227233110761,0
007-3748-200,2
007-3863-200,2
007-2586-100,2
20170612163236281,3
20170408220418602,0
007-4924-300,2
007-6209-300,2
007-1649-000,0
20170404144935990,0
20170525085947099,2
007-0046-000,0
007-4544-200,2
007-5470-300,2
20170411154151017,0
007-2552-100,2
20170227160448936,0
007-0907-000,1
007-5076-300,3
007-4766-200,2
007-5327-300,2
007-0173-000,0
007-0409-000,0
007-4631-200,2
20170427092252484,0
007-3221-100,0
007-5796-300,2
20170616125321132,1
007-4040-200,2
20170329083802588,0
20170517172209323,2
20170405093547460,0
007-4097-200,2
20170429205259151,0
007-1159-000,0
007-3376-200,2
007-3509-200,2
20170517163701949,2
20170327102429259,0
007-0876-000,0
007-4804-300,2
20170428130130326,0
20170429231321260,0
007-4008-200,2
007-4740-200,2
20170515153131779,2
007-4462-200,2
20170606164132548,3
007-5864-300,2
007-0289-000,0
007-6772-400,4
007-2639-100,1
20170430195502419,0
20170601084914808,2
007-6786-400,4
007-3687-200,2
007-3899-200,2
007-7142-400,4
20170324074957283,0
007-0060-000,0
007-7003-400,4
007-0013-000,0
20170616200941802,2
20170429225248404,0
20170215225711319,0
007-0299-000,0
20170124094908380,0
007-1976-100,2
007-5681-300,2
007-0986-000,0
007-5053-300,2
20170527082328968,2
007-0599-000,0
007-0445-000,0
20170208144726999,0
007-0157-000,0
007-3970-200,2
007-1781-100,2
007-1444-000,0
007-5141-300,2
007-7547-601,0
007-2701-100,2
007-0834-000,0
007-3168-100,2
007-2813-100,2
20170418093300248,0
20170421092005051,0
20170213170404024,0
20170521005524099,2
20170430195157992,0
007-8249-602,0
20170429201527326,0
007-8312-602,2
20170223171707737,0
007-4227-200,2
007-5927-300,2
20170425090503658,0
20170526094916030,2
20170209164229594,0
007-7011-400,4
007-0464-000,0
007-7105-400,4
20170629093242315,2
007-5759-300,2
007-7643-601,0
007-3533-200,2
007-4728-200,2
007-4706-200,2
007-2486-100,1
20170328095522661,0
007-6937-400,4
007-7244-400,4
007-1169-000,0
007-1279-000,0
20170411094512999,0
007-1016-000,0
20170324095312870,0
007-3152-100,2
007-0996-000,0
007-1611-000,0
20170221145200535,0
007-6989-400,4
007-1004-000,0
007-4911-300,2
007-5729-300,2
007-5349-300,3
007-3978-200,2
20170206144540782,0
007-5263-300,2
20170427185913001,0
007-5923-300,2
007-5857-300,2
20170623153653891,2
007-5026-300,2
007-6668-400,4
20170407215805982,0
007-3402-200,2
007-4732-200,2
20170429203902763,0
20170616090932566,2
007-4501-200,2
20170226225853947,0
20170621102941401,2
007-6976-400,4
007-1327-000,0
007-5256-300,2
20170430201242535,0
20170424162352358,0
007-5676-300,2
20170406101631890,0
007-0332-000,0
007-3466-200,2
007-1157-000,0
007-6427-400,4
20170302100543647,0
007-1874-100,0
20170619192052705,2
20170323110334357,0
007-6413-400,4
007-5982-300,2
20170428104701510,0
007-6053-300,2
007-8489-604,0
20170626102904460,2
20170327084919035,0
007-7753-601,2
20170418102429463,0
007-0559-000,0
007-6579-400,4
007-1088-000,0
20170407222518823,0
20170331144918556,0
20170220175651790,0
20170418111402322,0
007-0114-000,0
20170408220307845,0
007-2189-100,0
007-6999-400,4
20170419095201125,0
20170224104412980,0
007-7840-601,0
007-6294-400,4
007-3265-100,2
20170327093219784,0
20170313172624251,0
20170418135629149,0
20170425091625008,0
007-4996-300,2
20170427195508307,0
20170427181053799,0
007-2044-100,2
007-0353-000,0
007-5832-300,2
20170509100155767,2
007-0064-000,0
007-0238-000,0
007-1885-100,0
007-8405-603,2
20170224160527421,0
20170511160808082,1
007-1662-000,2
20170429201700517,0
20170627105547462,2
20170323091947097,0
007-3537-200,2
007-3771-200,3
007-3532-200,2
20170522163803152,2
007-1955-100,2
20170430200432406,0
20170528173533746,2
20170430191705169,0
20170430200740543,0
007-4268-200,2
20170408232857731,0
007-2103-100,1
20170429221245778,0
007-1950-100,1
007-1735-000,0
007-3538-200,2
007-3146-100,1
20170215091932804,0
007-5068-300,2
20170408223350574,0
20170120221042110,0
20170225105517257,0
20170430195412347,0
20170215165518267,0
20170426101818581,0
20170130102712777,0
20170210121233990,0
20170418090649301,0
007-6588-400,4
007-0738-000,0
20170623150218614,2
20170413122939851,0
20170429210120003,0
007-6988-400,4
20170621165236074,2
20170618221203188,2
007-6721-400,4
007-4935-300,2
007-3079-100,2
20170429203102645,0
20170221090825365,0
20170427181229677,0
007-5018-300,2
20170429222306771,0
007-0778-000,0
20170327090617334,0
007-3626-200,2
007-5290-300,3
20170214214211574,0
20170427181455958,0
20170331095921366,0
007-5170-300,2
007-5509-300,2
20170330163327593,0
007-2655-100,2
007-0502-000,0
007-1466-000,0
20170328153746074,0
007-4078-200,2
007-5139-300,2
007-4662-200,2
007-5874-300,2
20170429214650223,0
20170512230424862,2
20170427182515802,0
007-0537-000,0
007-3849-200,2
20170327140449496,0
20170331083150455,0
20170502000225658,2
007-6259-300,2
007-3560-200,2
007-1925-100,1
20170411204059840,0
20170327111243014,0
007-6600-400,4
20170430152855898,0
007-4207-200,2
20170220135627133,0
20170327075319486,0
20170506144904972,2
007-1668-000,0
007-1379-000,0
007-6918-400,4
20170408223150244,0
007-1801-100,1
007-5253-300,2
007-6648-400,4
007-1322-000,0
007-5835-300,2
20170429212217526,0
007-5894-300,2
007-2795-100,1
007-3639-200,2
007-0349-000,0
007-0810-000,0
007-2324-100,1
007-5009-300,2
007-3382-200,2
20170430190910394,0
20170608084935221,2
20170427091717056,0
20170609091757285,2
007-3182-100,2
007-1855-100,2
007-1076-000,1
007-5821-300,2
007-3884-200,2
20170407232704224,0
007-7379-601,2
20170429213645735,0
007-3304-200,2
20170328083012701,0
007-3862-200,2
20170120215503859,0
007-0932-000,0
007-4558-200,2
007-4255-200,2
007-5081-300,2
20170208174556431,0
20170324093012531,0
007-1320-000,0
007-0073-000,0
007-5807-300,2
007-1786-100,1
007-1329-000,1
20170401091747308,0
007-6867-400,4
20170507222419171,3
20170512113633462,2
20170429205941213,0
007-0478-000,0
20170531142247656,2
007-4511-200,2
007-4439-200,2
007-7669-601,0
007-2119-100,2
20170428164017472,0
20170215104325950,0
007-0735-000,0
007-1695-000,0
20170227092138383,0
007-2638-100,0
20170427192110916,0
20170502002324525,0
007-4177-200,2
20170429212635458,0
007-1999-100,0
20170401171542995,0
007-6550-400,4
20170413145814531,0
20170430201327496,0
007-6766-400,4
007-5477-300,3
20170412185752595,0
007-0623-000,0
007-7199-400,4
20170524091746187,2
20170330213316497,0
007-5566-300,2
20161107140656664,0
007-4114-200,2
20170609164600463,2
007-6876-400,4
007-4899-300,2
007-3965-200,2
007-3471-200,2
20170406090732575,0
007-4086-200,2
007-4554-200,2
20170210092149547,0
007-7042-400,4
20170407083344969,0
20170120215624835,0
007-2930-100,2
20170120223013855,0
007-7231-400,4
20170329075722980,0
20170502095403278,3
20170427182616601,0
20170330095646213,0
20170430201208792,0
007-6060-300,2
007-1226-000,0
007-2403-100,2
007-7965-601,2
20170429205939678,0
20170211092207309,0
20170430154617342,0
20170226093322210,0
007-5592-300,2
007-5418-300,2
20170429202112078,0
007-2242-100,2
20170411141647884,0
007-5203-300,2
20170508101717694,2
007-4602-200,2
20170510084311756,2
007-5319-300,3
20170424093054916,0
007-4661-200,2
007-4969-300,2
20170418100054906,0
007-0101-000,0
20170425090714957,0
20170407142749781,0
007-0812-000,0
007-4144-200,2
007-2284-100,1
007-3314-200,2
20170222182528203,0
007-5955-300,2
007-1348-000,0
007-1242-000,0
20170523080135207,2
007-6102-300,3
007-7188-400,4
007-6090-300,2
20170427095807849,0
20170228164926461,0
007-1276-000,0
20170417100941250,0
20170411115000607,0
007-5600-300,2
20170209131551045,0
007-4315-200,2
20170220095322707,0
007-3026-100,2
20170430192538230,0
007-5259-300,3
007-6942-400,4
20170405114058700,0
007-4356-200,2
007-4657-200,2
007-5530-300,2
20170428084730352,0
20170608114025106,2
007-4652-200,2
007-4916-300,2
007-2137-100,0
20170323114805847,0
20170228232209939,0
007-2911-100,1
007-0318-000,0
20170327103257324,0
007-6593-400,4
007-5550-300,2
007-1123-000,0
007-6402-400,4
20170501232731664,2
20170518150304317,2
007-2579-100,2
20170429213018479,0
007-1023-000,0
20170106170820626,0
007-2808-100,1
20170627101206389,1
007-3311-200,2
20170406082351608,0
20170408231654502,0
20170502161755715,2
20170411204216809,0
007-0208-000,0
007-3940-200,2
20170509155323919,2
20170217114218024,0
007-1311-000,0
20170323092854411,0
20170613163045778,2
007-1659-000,0
20170208135854881,0
007-5361-300,3
007-6447-400,4
007-2196-100,0
20170324091537897,0
20170224220806889,0
20170429224122446,0
20170427185756415,0
20170224170630551,0
007-1326-000,0
20170412101850963,0
007-0326-000,0
007-2010-100,1
20170120223147434,0
007-5341-300,2
007-3578-200,2
20170227155535662,0
20170517104642882,2
007-2593-100,2
20170430200542392,0
007-2243-100,2
007-4005-200,2
007-5474-300,2
20170605144339809,2
20170407152351618,0
007-0394-000,0
007-7672-601,0
007-1812-100,2
007-4702-200,2
20170208101614671,0
20170527182346815,2
20170324144203614,0
007-3770-200,2
007-6342-400,4
007-6736-400,4
007-7528-601,0
007-5014-300,2
20170517163822454,2
007-3852-200,2
007-3564-200,2
007-0150-000,0
20170514222048149,2
20170406150020134,0
20170407232611029,0
20170425090800777,0
20170415090759483,0
20170215102113545,0
007-3521-200,2
007-5984-300,2
007-5717-300,2
007-6917-400,4
007-3790-200,2
007-5084-300,2
007-3426-200,2
007-5275-300,2
007-1938-100,1
007-4525-200,2
20170608215511768,2
20170407105555914,0
007-5299-300,2
20170602141806366,2
007-2361-100,0
20170206180514518,0
007-5593-300,2
20170414114604302,0
007-0044-000,0
007-3546-200,2
20170210121831127,0
20170615143207262,2
007-5184-300,2
007-2517-100,2
007-0550-000,0
007-8010-601,2
007-3216-100,1
20170329143545777,0
007-3017-100,2
20170223094344910,0
20170429223418838,0
007-5615-300,2
007-5464-300,2
007-7234-400,4
007-5317-300,2
20170429200817412,0
20170616090802344,2
20170430201050126,0
007-6945-400,4
20170429215921985,0
20170425083714832,0
007-1743-000,0
007-2226-100,0
20170430193405847,0
007-4390-200,2
20170222115531845,0
20170222150241574,0
007-0724-000,0
007-0033-000,1
20170221103050026,0
20170427192012988,0
007-4233-200,2
007-1449-000,0
20170429203618868,0
20170430195017757,0
20170410110133449,0
007-2395-100,2
20170324094647604,0
20170429212835329,0
007-6121-300,2
007-2345-100,2
20170226091306296,0
007-2127-100,1
20170408213532057,0
007-6314-400,4
20170327113237351,0
20170427220626535,0
20170418103051016,0
20170515172130361,2
007-2613-100,2
007-4423-200,2
20170427181753491,0
007-4634-200,2
20170412084607669,0
007-0970-000,0
007-6549-400,4
20170430160739508,0
20170426082624471,0
007-3915-200,2
20170518174429918,2
007-1696-000,0
007-0097-000,0
007-5376-300,2
007-1259-000,0
007-5596-300,2
007-6762-400,4
007-6067-300,2
007-1828-100,2
007-1881-100,2
20170203163857655,0
007-5599-300,2
007-5272-300,2
20170414081158089,0
20170429222435339,0
007-5511-300,2
007-1520-000,0
20170522165511476,1
007-4827-300,2
007-0050-000,0
20170429220029305,0
007-3086-100,2
007-2752-100,1
007-4214-200,2
007-5426-300,2
007-8531-604,2
007-5769-300,2
20170224160850224,0
007-6509-400,4
20170420110601235,0
007-0217-000,0
007-0593-000,0
007-2126-100,1
20170425090234348,0
007-0154-000,0
20170215164612528,0
007-5095-300,2
20170429221348614,0
20170430175940285,0
007-3801-200,2
20170327103629041,0
007-5841-300,2
20170427100457813,0
20170506084439766,2
007-6611-400,4
007-0923-000,0
007-1426-000,0
007-5385-300,2
007-0613-000,0
20170106171110424,0
20170207175247017,0
007-3229-100,2
20170418074744756,0
007-3999-200,2
007-7553-601,0
007-1571-000,0
007-1905-100,2
20170408215933165,0
007-6116-300,2
007-2415-100,1
007-6201-300,2
20170203162429942,0
20170429215627504,0
20170329084401502,0
007-0708-000,1
007-2209-100,0
007-3655-200,2
20170509092532699,2
007-8147-601,0
007-4900-300,2
20170430200406558,0
007-0442-000,0
20170427180147996,0
007-0169-000,0
007-4845-300,2
007-1656-000,0
20170429192742478,0
007-0686-000,0
007-7152-400,4
20170427181823258,0
007-1930-100,0
20170406082540495,0
20170328091056768,0
007-0416-000,0
007-4477-200,2
007-1638-000,0
20170503093529661,2
20170622194523915,2
007-4050-200,2
007-2874-100,0
007-6941-400,4
007-1709-000,0
20170606145347421,2
007-2155-100,1
20170205084246646,0
007-6171-300,2
20170410143245452,0
20170224105623779,0
20170327095113002,0
007-1685-000,0
007-1077-000,0
20170409195116125,0
20170505181200498,2
007-5764-300,2
20170430191802300,0
007-4355-200,2
20170429212130578,0
007-1715-000,0
007-1265-000,0
007-6178-300,2
007-4106-200,2
007-0197-000,0
007-3123-100,2
007-6847-400,4
20170331085318134,0
007-6450-400,4
007-5519-300,2
007-1612-000,0
007-4981-300,3
20170428084152715,0
20170222150550577,0
007-1385-000,0
007-5216-300,2
20170327160649463,0
20170409195711766,0
007-7858-601,0
